datetime,shop,job,type_of_work,number,action,description
2023-01-30 00:20,CSM,2216,Ticket,2216-9,Hyperlink updated,"https://docs.google.com/spreadsheets/d/1HIpS0gbQo8q1Pwo9oQgRFUqCNdud_RXS3w815jX6zc4/edit#gid=396215481&range=D4680"
2023-01-30 00:20,CSM,2216,Ticket,2216-60.1,Hyperlink updated,"https://docs.google.com/spreadsheets/d/1HIpS0gbQo8q1Pwo9oQgRFUqCNdud_RXS3w815jX6zc4/edit#gid=396215481&range=D4682"
2023-01-30 00:20,CSM,2216,Ticket,2216-1000,Hyperlink updated,"https://docs.google.com/spreadsheets/d/1HIpS0gbQo8q1Pwo9oQgRFUqCNdud_RXS3w815jX6zc4/edit#gid=396215481&range=D4679"
2023-01-30 00:20,FED,2216,Ticket,2216-2,Hyperlink updated,"https://docs.google.com/spreadsheets/d/1HIpS0gbQo8q1Pwo9oQgRFUqCNdud_RXS3w815jX6zc4/edit#gid=396215481&range=D4784"
2023-01-30 00:20,FED,2216,Ticket,2216-3,Hyperlink updated,"https://docs.google.com/spreadsheets/d/1HIpS0gbQo8q1Pwo9oQgRFUqCNdud_RXS3w815jX6zc4/edit#gid=396215481&range=D4785"
2023-01-30 00:20,CSM,2224,LOT,2224-T016,Hyperlink Updated,"https://docs.google.com/spreadsheets/d/1HIpS0gbQo8q1Pwo9oQgRFUqCNdud_RXS3w815jX6zc4/edit#gid=396215481&range=D4948"
2023-01-30 00:20,CSM,2224,LOT,2224-T018,Hyperlink Updated,"https://docs.google.com/spreadsheets/d/1HIpS0gbQo8q1Pwo9oQgRFUqCNdud_RXS3w815jX6zc4/edit#gid=396215481&range=D4947"
2023-01-30 00:20,CSM,2224,LOT,2224-T014,Hyperlink Updated,"https://docs.google.com/spreadsheets/d/1HIpS0gbQo8q1Pwo9oQgRFUqCNdud_RXS3w815jX6zc4/edit#gid=396215481&range=D4948"
2023-01-30 00:20,CSM,2224,LOT,2224-T017,Hyperlink Updated,"https://docs.google.com/spreadsheets/d/1HIpS0gbQo8q1Pwo9oQgRFUqCNdud_RXS3w815jX6zc4/edit#gid=396215481&range=D4948"
2023-01-30 00:20,CSM,2224,LOT,2224-T005,Hyperlink Updated,"https://docs.google.com/spreadsheets/d/1HIpS0gbQo8q1Pwo9oQgRFUqCNdud_RXS3w815jX6zc4/edit#gid=396215481&range=D4947"
2023-01-30 00:20,CSM,2224,LOT,2224-T012,Hyperlink Updated,"https://docs.google.com/spreadsheets/d/1HIpS0gbQo8q1Pwo9oQgRFUqCNdud_RXS3w815jX6zc4/edit#gid=396215481&range=D4947"
2023-01-30 00:20,CSM,2224,LOT,2224-T007,Hyperlink Updated,"https://docs.google.com/spreadsheets/d/1HIpS0gbQo8q1Pwo9oQgRFUqCNdud_RXS3w815jX6zc4/edit#gid=396215481&range=D4947"
2023-01-30 00:20,CSM,2224,LOT,2224-T010,Hyperlink Updated,"https://docs.google.com/spreadsheets/d/1HIpS0gbQo8q1Pwo9oQgRFUqCNdud_RXS3w815jX6zc4/edit#gid=396215481&range=D4947"
2023-01-30 00:20,CSM,2224,LOT,2224-T009,Hyperlink Updated,"https://docs.google.com/spreadsheets/d/1HIpS0gbQo8q1Pwo9oQgRFUqCNdud_RXS3w815jX6zc4/edit#gid=396215481&range=D4947"
2023-01-30 00:20,CSM,2224,LOT,2224-T006,Hyperlink Updated,"https://docs.google.com/spreadsheets/d/1HIpS0gbQo8q1Pwo9oQgRFUqCNdud_RXS3w815jX6zc4/edit#gid=396215481&range=D4947"
2023-01-30 00:20,CSM,2224,LOT,2224-T013,Hyperlink Updated,"https://docs.google.com/spreadsheets/d/1HIpS0gbQo8q1Pwo9oQgRFUqCNdud_RXS3w815jX6zc4/edit#gid=396215481&range=D4948"
2023-01-30 00:20,CSM,2224,LOT,2224-T015,Hyperlink Updated,"https://docs.google.com/spreadsheets/d/1HIpS0gbQo8q1Pwo9oQgRFUqCNdud_RXS3w815jX6zc4/edit#gid=396215481&range=D4948"
2023-01-30 00:20,CSM,2224,LOT,2224-T008,Hyperlink Updated,"https://docs.google.com/spreadsheets/d/1HIpS0gbQo8q1Pwo9oQgRFUqCNdud_RXS3w815jX6zc4/edit#gid=396215481&range=D4947"
2023-01-30 00:20,CSM,2224,LOT,2224-T011,Hyperlink Updated,"https://docs.google.com/spreadsheets/d/1HIpS0gbQo8q1Pwo9oQgRFUqCNdud_RXS3w815jX6zc4/edit#gid=396215481&range=D4947"
2023-01-30 00:20,CSM,2216,LOT,2216-T118,Hyperlink Updated,"https://docs.google.com/spreadsheets/d/1HIpS0gbQo8q1Pwo9oQgRFUqCNdud_RXS3w815jX6zc4/edit#gid=396215481&range=D4664"
2023-01-30 00:20,CSM,2216,LOT,2216-T122,Hyperlink Updated,"https://docs.google.com/spreadsheets/d/1HIpS0gbQo8q1Pwo9oQgRFUqCNdud_RXS3w815jX6zc4/edit#gid=396215481&range=D4671"
2023-01-30 00:21,CSM,2216,LOT,2216-T123,Hyperlink Updated,"https://docs.google.com/spreadsheets/d/1HIpS0gbQo8q1Pwo9oQgRFUqCNdud_RXS3w815jX6zc4/edit#gid=396215481&range=D4674"
2023-01-30 00:21,FED,2216,LOT,2216-T012,Hyperlink Updated,"https://docs.google.com/spreadsheets/d/1HIpS0gbQo8q1Pwo9oQgRFUqCNdud_RXS3w815jX6zc4/edit#gid=396215481&range=D4698"
2023-01-30 00:21,FED,2216,LOT,2216-T069,Hyperlink Updated,"https://docs.google.com/spreadsheets/d/1HIpS0gbQo8q1Pwo9oQgRFUqCNdud_RXS3w815jX6zc4/edit#gid=396215481&range=D4724"
2023-01-30 00:21,FED,2216,LOT,2216-T022,Hyperlink Updated,"https://docs.google.com/spreadsheets/d/1HIpS0gbQo8q1Pwo9oQgRFUqCNdud_RXS3w815jX6zc4/edit#gid=396215481&range=D4700"
2023-01-30 00:21,FED,2216,LOT,2216-T083,Hyperlink Updated,"https://docs.google.com/spreadsheets/d/1HIpS0gbQo8q1Pwo9oQgRFUqCNdud_RXS3w815jX6zc4/edit#gid=396215481&range=D4703"
2023-01-30 00:21,FED,2216,LOT,2216-T084,Hyperlink Updated,"https://docs.google.com/spreadsheets/d/1HIpS0gbQo8q1Pwo9oQgRFUqCNdud_RXS3w815jX6zc4/edit#gid=396215481&range=D4704"
2023-01-30 00:21,FED,2216,LOT,2216-T100,Hyperlink Updated,"https://docs.google.com/spreadsheets/d/1HIpS0gbQo8q1Pwo9oQgRFUqCNdud_RXS3w815jX6zc4/edit#gid=396215481&range=D4742"
2023-01-30 00:21,FED,2216,LOT,2216-T085,Hyperlink Updated,"https://docs.google.com/spreadsheets/d/1HIpS0gbQo8q1Pwo9oQgRFUqCNdud_RXS3w815jX6zc4/edit#gid=396215481&range=D4711"
2023-01-30 00:21,FED,2216,LOT,2216-T086,Hyperlink Updated,"https://docs.google.com/spreadsheets/d/1HIpS0gbQo8q1Pwo9oQgRFUqCNdud_RXS3w815jX6zc4/edit#gid=396215481&range=D4715"
2023-01-30 00:21,FED,2216,LOT,2216-T101,Hyperlink Updated,"https://docs.google.com/spreadsheets/d/1HIpS0gbQo8q1Pwo9oQgRFUqCNdud_RXS3w815jX6zc4/edit#gid=396215481&range=D4743"
2023-01-30 00:21,FED,2216,LOT,2216-T108,Hyperlink Updated,"https://docs.google.com/spreadsheets/d/1HIpS0gbQo8q1Pwo9oQgRFUqCNdud_RXS3w815jX6zc4/edit#gid=396215481&range=D4747"
2023-01-30 00:21,FED,2216,LOT,2216-T102,Hyperlink Updated,"https://docs.google.com/spreadsheets/d/1HIpS0gbQo8q1Pwo9oQgRFUqCNdud_RXS3w815jX6zc4/edit#gid=396215481&range=D4753"
2023-01-30 00:21,FED,2216,LOT,2216-T111,Hyperlink Updated,"https://docs.google.com/spreadsheets/d/1HIpS0gbQo8q1Pwo9oQgRFUqCNdud_RXS3w815jX6zc4/edit#gid=396215481&range=D4756"
2023-01-30 00:21,FED,2216,LOT,2216-T133,Hyperlink Updated,"https://docs.google.com/spreadsheets/d/1HIpS0gbQo8q1Pwo9oQgRFUqCNdud_RXS3w815jX6zc4/edit#gid=396215481&range=D4759"
2023-01-30 00:21,FED,2216,LOT,2216-T135,Hyperlink Updated,"https://docs.google.com/spreadsheets/d/1HIpS0gbQo8q1Pwo9oQgRFUqCNdud_RXS3w815jX6zc4/edit#gid=396215481&range=D4764"
2023-01-30 00:21,FED,2216,LOT,2216-T134,Hyperlink Updated,"https://docs.google.com/spreadsheets/d/1HIpS0gbQo8q1Pwo9oQgRFUqCNdud_RXS3w815jX6zc4/edit#gid=396215481&range=D4761"
2023-01-30 04:20,CSM,2216,Ticket,2216-9,Hyperlink updated,"https://docs.google.com/spreadsheets/d/1HIpS0gbQo8q1Pwo9oQgRFUqCNdud_RXS3w815jX6zc4/edit#gid=396215481&range=D4681"
2023-01-30 04:20,CSM,2216,Ticket,2216-60.1,Hyperlink updated,"https://docs.google.com/spreadsheets/d/1HIpS0gbQo8q1Pwo9oQgRFUqCNdud_RXS3w815jX6zc4/edit#gid=396215481&range=D4683"
2023-01-30 04:20,CSM,2212,Ticket,2212-1.1,Hyperlink updated,"https://docs.google.com/spreadsheets/d/1HIpS0gbQo8q1Pwo9oQgRFUqCNdud_RXS3w815jX6zc4/edit#gid=396215481&range=D4450"
2023-01-30 04:20,CSM,2216,Ticket,2216-1000,Hyperlink updated,"https://docs.google.com/spreadsheets/d/1HIpS0gbQo8q1Pwo9oQgRFUqCNdud_RXS3w815jX6zc4/edit#gid=396215481&range=D4680"
2023-01-30 04:20,FED,2127,Ticket,2127-60,Hyperlink updated,"https://docs.google.com/spreadsheets/d/1HIpS0gbQo8q1Pwo9oQgRFUqCNdud_RXS3w815jX6zc4/edit#gid=396215481&range=D3797"
2023-01-30 04:20,FED,2127,Ticket,2127-61,Hyperlink updated,"https://docs.google.com/spreadsheets/d/1HIpS0gbQo8q1Pwo9oQgRFUqCNdud_RXS3w815jX6zc4/edit#gid=396215481&range=D3798"
2023-01-30 04:20,FED,2216,Ticket,2216-2,Hyperlink updated,"https://docs.google.com/spreadsheets/d/1HIpS0gbQo8q1Pwo9oQgRFUqCNdud_RXS3w815jX6zc4/edit#gid=396215481&range=D4785"
2023-01-30 04:20,FED,2216,Ticket,2216-3,Hyperlink updated,"https://docs.google.com/spreadsheets/d/1HIpS0gbQo8q1Pwo9oQgRFUqCNdud_RXS3w815jX6zc4/edit#gid=396215481&range=D4786"
2023-01-30 04:20,CSF,2127,Ticket,2127-48,Hyperlink updated,"https://docs.google.com/spreadsheets/d/1HIpS0gbQo8q1Pwo9oQgRFUqCNdud_RXS3w815jX6zc4/edit#gid=396215481&range=D3788"
2023-01-30 04:20,CSF,2129,Ticket,2129-5,Hyperlink updated,"https://docs.google.com/spreadsheets/d/1HIpS0gbQo8q1Pwo9oQgRFUqCNdud_RXS3w815jX6zc4/edit#gid=396215481&range=D4000"
2023-01-30 04:20,CSF,2129,Ticket,2129-13,Hyperlink updated,"https://docs.google.com/spreadsheets/d/1HIpS0gbQo8q1Pwo9oQgRFUqCNdud_RXS3w815jX6zc4/edit#gid=396215481&range=D4006"
2023-01-30 04:20,CSF,2129,Ticket,2129-4,Hyperlink updated,"https://docs.google.com/spreadsheets/d/1HIpS0gbQo8q1Pwo9oQgRFUqCNdud_RXS3w815jX6zc4/edit#gid=396215481&range=D3999"
2023-01-30 04:20,CSF,2129,Ticket,2129-14,Hyperlink updated,"https://docs.google.com/spreadsheets/d/1HIpS0gbQo8q1Pwo9oQgRFUqCNdud_RXS3w815jX6zc4/edit#gid=396215481&range=D4007"
2023-01-30 04:20,CSF,2127,Item,2127-233,Hyperlink updated,"https://docs.google.com/spreadsheets/d/1HIpS0gbQo8q1Pwo9oQgRFUqCNdud_RXS3w815jX6zc4/edit#gid=396215481&range=D3718"
2023-01-30 04:20,CSF,2201,Buyout,2201-97.2,Hyperlink updated,"https://docs.google.com/spreadsheets/d/1HIpS0gbQo8q1Pwo9oQgRFUqCNdud_RXS3w815jX6zc4/edit#gid=396215481&range=D4271"
2023-01-30 04:20,CSF,2201,Buyout,2201-98.2,Hyperlink updated,"https://docs.google.com/spreadsheets/d/1HIpS0gbQo8q1Pwo9oQgRFUqCNdud_RXS3w815jX6zc4/edit#gid=396215481&range=D4272"
2023-01-30 04:20,CSM,2216,LOT,2216-T013,Hyperlink Updated,"https://docs.google.com/spreadsheets/d/1HIpS0gbQo8q1Pwo9oQgRFUqCNdud_RXS3w815jX6zc4/edit#gid=396215481&range=D4572"
2023-01-30 04:20,CSM,2216,LOT,2216-T002,Hyperlink Updated,"https://docs.google.com/spreadsheets/d/1HIpS0gbQo8q1Pwo9oQgRFUqCNdud_RXS3w815jX6zc4/edit#gid=396215481&range=D4572"
2023-01-30 04:20,CSM,2216,LOT,2216-T016,Hyperlink Updated,"https://docs.google.com/spreadsheets/d/1HIpS0gbQo8q1Pwo9oQgRFUqCNdud_RXS3w815jX6zc4/edit#gid=396215481&range=D4579"
2023-01-30 04:20,CSM,2216,LOT,2216-T014,Hyperlink Updated,"https://docs.google.com/spreadsheets/d/1HIpS0gbQo8q1Pwo9oQgRFUqCNdud_RXS3w815jX6zc4/edit#gid=396215481&range=D4575"
2023-01-30 04:20,CSM,2216,LOT,2216-T019,Hyperlink Updated,"https://docs.google.com/spreadsheets/d/1HIpS0gbQo8q1Pwo9oQgRFUqCNdud_RXS3w815jX6zc4/edit#gid=396215481&range=D4587"
2023-01-30 04:20,CSM,2216,LOT,2216-T017,Hyperlink Updated,"https://docs.google.com/spreadsheets/d/1HIpS0gbQo8q1Pwo9oQgRFUqCNdud_RXS3w815jX6zc4/edit#gid=396215481&range=D4580"
2023-01-30 04:20,CSM,2216,LOT,2216-T052,Hyperlink Updated,"https://docs.google.com/spreadsheets/d/1HIpS0gbQo8q1Pwo9oQgRFUqCNdud_RXS3w815jX6zc4/edit#gid=396215481&range=D4627"
2023-01-30 04:20,CSM,2224,LOT,2224-T016,Hyperlink Updated,"https://docs.google.com/spreadsheets/d/1HIpS0gbQo8q1Pwo9oQgRFUqCNdud_RXS3w815jX6zc4/edit#gid=396215481&range=D4949"
2023-01-30 04:21,CSM,2216,LOT,2216-T051,Hyperlink Updated,"https://docs.google.com/spreadsheets/d/1HIpS0gbQo8q1Pwo9oQgRFUqCNdud_RXS3w815jX6zc4/edit#gid=396215481&range=D4627"
2023-01-30 04:21,CSM,2216,LOT,2216-T053,Hyperlink Updated,"https://docs.google.com/spreadsheets/d/1HIpS0gbQo8q1Pwo9oQgRFUqCNdud_RXS3w815jX6zc4/edit#gid=396215481&range=D4621"
2023-01-30 04:21,CSM,2216,LOT,2216-T020,Hyperlink Updated,"https://docs.google.com/spreadsheets/d/1HIpS0gbQo8q1Pwo9oQgRFUqCNdud_RXS3w815jX6zc4/edit#gid=396215481&range=D4587"
2023-01-30 04:21,CSM,2224,LOT,2224-T018,Hyperlink Updated,"https://docs.google.com/spreadsheets/d/1HIpS0gbQo8q1Pwo9oQgRFUqCNdud_RXS3w815jX6zc4/edit#gid=396215481&range=D4948"
2023-01-30 04:21,CSM,2224,LOT,2224-T014,Hyperlink Updated,"https://docs.google.com/spreadsheets/d/1HIpS0gbQo8q1Pwo9oQgRFUqCNdud_RXS3w815jX6zc4/edit#gid=396215481&range=D4949"
2023-01-30 04:21,CSM,2224,LOT,2224-T017,Hyperlink Updated,"https://docs.google.com/spreadsheets/d/1HIpS0gbQo8q1Pwo9oQgRFUqCNdud_RXS3w815jX6zc4/edit#gid=396215481&range=D4949"
2023-01-30 04:21,CSM,2224,LOT,2224-T005,Hyperlink Updated,"https://docs.google.com/spreadsheets/d/1HIpS0gbQo8q1Pwo9oQgRFUqCNdud_RXS3w815jX6zc4/edit#gid=396215481&range=D4948"
2023-01-30 04:21,CSM,2224,LOT,2224-T012,Hyperlink Updated,"https://docs.google.com/spreadsheets/d/1HIpS0gbQo8q1Pwo9oQgRFUqCNdud_RXS3w815jX6zc4/edit#gid=396215481&range=D4948"
2023-01-30 04:21,CSM,2224,LOT,2224-T007,Hyperlink Updated,"https://docs.google.com/spreadsheets/d/1HIpS0gbQo8q1Pwo9oQgRFUqCNdud_RXS3w815jX6zc4/edit#gid=396215481&range=D4948"
2023-01-30 04:21,CSM,2224,LOT,2224-T010,Hyperlink Updated,"https://docs.google.com/spreadsheets/d/1HIpS0gbQo8q1Pwo9oQgRFUqCNdud_RXS3w815jX6zc4/edit#gid=396215481&range=D4948"
2023-01-30 04:21,CSM,2224,LOT,2224-T009,Hyperlink Updated,"https://docs.google.com/spreadsheets/d/1HIpS0gbQo8q1Pwo9oQgRFUqCNdud_RXS3w815jX6zc4/edit#gid=396215481&range=D4948"
2023-01-30 04:21,CSM,2224,LOT,2224-T006,Hyperlink Updated,"https://docs.google.com/spreadsheets/d/1HIpS0gbQo8q1Pwo9oQgRFUqCNdud_RXS3w815jX6zc4/edit#gid=396215481&range=D4948"
2023-01-30 04:21,CSM,2224,LOT,2224-T013,Hyperlink Updated,"https://docs.google.com/spreadsheets/d/1HIpS0gbQo8q1Pwo9oQgRFUqCNdud_RXS3w815jX6zc4/edit#gid=396215481&range=D4949"
2023-01-30 04:21,CSM,2224,LOT,2224-T015,Hyperlink Updated,"https://docs.google.com/spreadsheets/d/1HIpS0gbQo8q1Pwo9oQgRFUqCNdud_RXS3w815jX6zc4/edit#gid=396215481&range=D4949"
2023-01-30 04:21,CSM,2224,LOT,2224-T008,Hyperlink Updated,"https://docs.google.com/spreadsheets/d/1HIpS0gbQo8q1Pwo9oQgRFUqCNdud_RXS3w815jX6zc4/edit#gid=396215481&range=D4948"
2023-01-30 04:21,CSM,2224,LOT,2224-T011,Hyperlink Updated,"https://docs.google.com/spreadsheets/d/1HIpS0gbQo8q1Pwo9oQgRFUqCNdud_RXS3w815jX6zc4/edit#gid=396215481&range=D4948"
2023-01-30 04:21,CSM,2216,LOT,2216-T076,Hyperlink Updated,"https://docs.google.com/spreadsheets/d/1HIpS0gbQo8q1Pwo9oQgRFUqCNdud_RXS3w815jX6zc4/edit#gid=396215481&range=D4593"
2023-01-30 04:21,CSM,2216,LOT,2216-T077,Hyperlink Updated,"https://docs.google.com/spreadsheets/d/1HIpS0gbQo8q1Pwo9oQgRFUqCNdud_RXS3w815jX6zc4/edit#gid=396215481&range=D4594"
2023-01-30 04:21,CSM,2216,LOT,2216-T078,Hyperlink Updated,"https://docs.google.com/spreadsheets/d/1HIpS0gbQo8q1Pwo9oQgRFUqCNdud_RXS3w815jX6zc4/edit#gid=396215481&range=D4596"
2023-01-30 04:21,CSM,2216,LOT,2216-T079,Hyperlink Updated,"https://docs.google.com/spreadsheets/d/1HIpS0gbQo8q1Pwo9oQgRFUqCNdud_RXS3w815jX6zc4/edit#gid=396215481&range=D4600"
2023-01-30 04:21,CSM,2216,LOT,2216-T080,Hyperlink Updated,"https://docs.google.com/spreadsheets/d/1HIpS0gbQo8q1Pwo9oQgRFUqCNdud_RXS3w815jX6zc4/edit#gid=396215481&range=D4601"
2023-01-30 04:21,CSM,2216,LOT,2216-T092,Hyperlink Updated,"https://docs.google.com/spreadsheets/d/1HIpS0gbQo8q1Pwo9oQgRFUqCNdud_RXS3w815jX6zc4/edit#gid=396215481&range=D4631"
2023-01-30 04:21,CSM,2216,LOT,2216-T091,Hyperlink Updated,"https://docs.google.com/spreadsheets/d/1HIpS0gbQo8q1Pwo9oQgRFUqCNdud_RXS3w815jX6zc4/edit#gid=396215481&range=D4631"
2023-01-30 04:21,CSM,2216,LOT,2216-T093,Hyperlink Updated,"https://docs.google.com/spreadsheets/d/1HIpS0gbQo8q1Pwo9oQgRFUqCNdud_RXS3w815jX6zc4/edit#gid=396215481&range=D4634"
2023-01-30 04:21,CSM,2216,LOT,2216-T081,Hyperlink Updated,"https://docs.google.com/spreadsheets/d/1HIpS0gbQo8q1Pwo9oQgRFUqCNdud_RXS3w815jX6zc4/edit#gid=396215481&range=D4605"
2023-01-30 04:21,CSM,2129,LOT,2129-T053,Hyperlink Updated,"https://docs.google.com/spreadsheets/d/1HIpS0gbQo8q1Pwo9oQgRFUqCNdud_RXS3w815jX6zc4/edit#gid=396215481&range=D4018"
2023-01-30 04:21,CSM,2216,LOT,2216-T082,Hyperlink Updated,"https://docs.google.com/spreadsheets/d/1HIpS0gbQo8q1Pwo9oQgRFUqCNdud_RXS3w815jX6zc4/edit#gid=396215481&range=D4606"
2023-01-30 04:21,CSM,2129,LOT,2129-T051,Hyperlink Updated,"https://docs.google.com/spreadsheets/d/1HIpS0gbQo8q1Pwo9oQgRFUqCNdud_RXS3w815jX6zc4/edit#gid=396215481&range=D4018"
2023-01-30 04:21,CSM,2129,LOT,2129-T057,Hyperlink Updated,"https://docs.google.com/spreadsheets/d/1HIpS0gbQo8q1Pwo9oQgRFUqCNdud_RXS3w815jX6zc4/edit#gid=396215481&range=D4018"
2023-01-30 04:21,CSM,2129,LOT,2129-T055,Hyperlink Updated,"https://docs.google.com/spreadsheets/d/1HIpS0gbQo8q1Pwo9oQgRFUqCNdud_RXS3w815jX6zc4/edit#gid=396215481&range=D4018"
2023-01-30 04:21,CSM,2129,LOT,2129-T058,Hyperlink Updated,"https://docs.google.com/spreadsheets/d/1HIpS0gbQo8q1Pwo9oQgRFUqCNdud_RXS3w815jX6zc4/edit#gid=396215481&range=D4018"
2023-01-30 04:21,CSM,2216,LOT,2216-T094,Hyperlink Updated,"https://docs.google.com/spreadsheets/d/1HIpS0gbQo8q1Pwo9oQgRFUqCNdud_RXS3w815jX6zc4/edit#gid=396215481&range=D4633"
2023-01-30 04:21,CSM,2129,LOT,2129-T056,Hyperlink Updated,"https://docs.google.com/spreadsheets/d/1HIpS0gbQo8q1Pwo9oQgRFUqCNdud_RXS3w815jX6zc4/edit#gid=396215481&range=D4018"
2023-01-30 04:21,CSM,2129,LOT,2129-T054,Hyperlink Updated,"https://docs.google.com/spreadsheets/d/1HIpS0gbQo8q1Pwo9oQgRFUqCNdud_RXS3w815jX6zc4/edit#gid=396215481&range=D4018"
2023-01-30 04:21,CSM,2216,LOT,2216-T103,Hyperlink Updated,"https://docs.google.com/spreadsheets/d/1HIpS0gbQo8q1Pwo9oQgRFUqCNdud_RXS3w815jX6zc4/edit#gid=396215481&range=D4637"
2023-01-30 04:21,CSM,2216,LOT,2216-T104,Hyperlink Updated,"https://docs.google.com/spreadsheets/d/1HIpS0gbQo8q1Pwo9oQgRFUqCNdud_RXS3w815jX6zc4/edit#gid=396215481&range=D4637"
2023-01-30 04:21,CSM,2129,LOT,2129-T060,Hyperlink Updated,"https://docs.google.com/spreadsheets/d/1HIpS0gbQo8q1Pwo9oQgRFUqCNdud_RXS3w815jX6zc4/edit#gid=396215481&range=D4019"
2023-01-30 04:21,CSM,2129,LOT,2129-T081,Hyperlink Updated,"https://docs.google.com/spreadsheets/d/1HIpS0gbQo8q1Pwo9oQgRFUqCNdud_RXS3w815jX6zc4/edit#gid=396215481&range=D4019"
2023-01-30 04:21,CSM,2129,LOT,2129-T059,Hyperlink Updated,"https://docs.google.com/spreadsheets/d/1HIpS0gbQo8q1Pwo9oQgRFUqCNdud_RXS3w815jX6zc4/edit#gid=396215481&range=D4019"
2023-01-30 04:21,CSM,2129,LOT,2129-T063,Hyperlink Updated,"https://docs.google.com/spreadsheets/d/1HIpS0gbQo8q1Pwo9oQgRFUqCNdud_RXS3w815jX6zc4/edit#gid=396215481&range=D4019"
2023-01-30 04:21,CSM,2216,LOT,2216-T096,Hyperlink Updated,"https://docs.google.com/spreadsheets/d/1HIpS0gbQo8q1Pwo9oQgRFUqCNdud_RXS3w815jX6zc4/edit#gid=396215481&range=D4636"
2023-01-30 04:22,CSM,2216,LOT,2216-T107,Hyperlink Updated,"https://docs.google.com/spreadsheets/d/1HIpS0gbQo8q1Pwo9oQgRFUqCNdud_RXS3w815jX6zc4/edit#gid=396215481&range=D4646"
2023-01-30 04:22,CSM,2216,LOT,2216-T106,Hyperlink Updated,"https://docs.google.com/spreadsheets/d/1HIpS0gbQo8q1Pwo9oQgRFUqCNdud_RXS3w815jX6zc4/edit#gid=396215481&range=D4646"
2023-01-30 04:22,CSM,2216,LOT,2216-T098,Hyperlink Updated,"https://docs.google.com/spreadsheets/d/1HIpS0gbQo8q1Pwo9oQgRFUqCNdud_RXS3w815jX6zc4/edit#gid=396215481&range=D4644"
2023-01-30 04:22,CSM,2129,LOT,2129-T062,Hyperlink Updated,"https://docs.google.com/spreadsheets/d/1HIpS0gbQo8q1Pwo9oQgRFUqCNdud_RXS3w815jX6zc4/edit#gid=396215481&range=D4020"
2023-01-30 04:22,CSM,2129,LOT,2129-T061,Hyperlink Updated,"https://docs.google.com/spreadsheets/d/1HIpS0gbQo8q1Pwo9oQgRFUqCNdud_RXS3w815jX6zc4/edit#gid=396215481&range=D4020"
2023-01-30 04:22,CSM,2216,LOT,2216-T105,Hyperlink Updated,"https://docs.google.com/spreadsheets/d/1HIpS0gbQo8q1Pwo9oQgRFUqCNdud_RXS3w815jX6zc4/edit#gid=396215481&range=D4639"
2023-01-30 04:22,CSM,2216,LOT,2216-T118,Hyperlink Updated,"https://docs.google.com/spreadsheets/d/1HIpS0gbQo8q1Pwo9oQgRFUqCNdud_RXS3w815jX6zc4/edit#gid=396215481&range=D4665"
2023-01-30 04:22,CSM,2216,LOT,2216-T124,Hyperlink Updated,"https://docs.google.com/spreadsheets/d/1HIpS0gbQo8q1Pwo9oQgRFUqCNdud_RXS3w815jX6zc4/edit#gid=396215481&range=D4649"
2023-01-30 04:22,CSM,2216,LOT,2216-T125,Hyperlink Updated,"https://docs.google.com/spreadsheets/d/1HIpS0gbQo8q1Pwo9oQgRFUqCNdud_RXS3w815jX6zc4/edit#gid=396215481&range=D4650"
2023-01-30 04:22,CSM,2216,LOT,2216-T127,Hyperlink Updated,"https://docs.google.com/spreadsheets/d/1HIpS0gbQo8q1Pwo9oQgRFUqCNdud_RXS3w815jX6zc4/edit#gid=396215481&range=D4652"
2023-01-30 04:22,CSM,2216,LOT,2216-T114,Hyperlink Updated,"https://docs.google.com/spreadsheets/d/1HIpS0gbQo8q1Pwo9oQgRFUqCNdud_RXS3w815jX6zc4/edit#gid=396215481&range=D4657"
2023-01-30 04:22,CSM,2216,LOT,2216-T129,Hyperlink Updated,"https://docs.google.com/spreadsheets/d/1HIpS0gbQo8q1Pwo9oQgRFUqCNdud_RXS3w815jX6zc4/edit#gid=396215481&range=D4654"
2023-01-30 04:22,CSM,2216,LOT,2216-T130,Hyperlink Updated,"https://docs.google.com/spreadsheets/d/1HIpS0gbQo8q1Pwo9oQgRFUqCNdud_RXS3w815jX6zc4/edit#gid=396215481&range=D4654"
2023-01-30 04:22,CSM,2216,LOT,2216-T126,Hyperlink Updated,"https://docs.google.com/spreadsheets/d/1HIpS0gbQo8q1Pwo9oQgRFUqCNdud_RXS3w815jX6zc4/edit#gid=396215481&range=D4651"
2023-01-30 04:22,CSM,2129,LOT,2129-T091,Hyperlink Updated,"https://docs.google.com/spreadsheets/d/1HIpS0gbQo8q1Pwo9oQgRFUqCNdud_RXS3w815jX6zc4/edit#gid=396215481&range=D4024"
2023-01-30 04:22,CSM,2129,LOT,2129-T088,Hyperlink Updated,"https://docs.google.com/spreadsheets/d/1HIpS0gbQo8q1Pwo9oQgRFUqCNdud_RXS3w815jX6zc4/edit#gid=396215481&range=D4024"
2023-01-30 04:22,CSM,2129,LOT,2129-T090,Hyperlink Updated,"https://docs.google.com/spreadsheets/d/1HIpS0gbQo8q1Pwo9oQgRFUqCNdud_RXS3w815jX6zc4/edit#gid=396215481&range=D4024"
2023-01-30 04:22,CSM,2129,LOT,2129-T089,Hyperlink Updated,"https://docs.google.com/spreadsheets/d/1HIpS0gbQo8q1Pwo9oQgRFUqCNdud_RXS3w815jX6zc4/edit#gid=396215481&range=D4024"
2023-01-30 04:22,CSM,2129,LOT,2129-T092,Hyperlink Updated,"https://docs.google.com/spreadsheets/d/1HIpS0gbQo8q1Pwo9oQgRFUqCNdud_RXS3w815jX6zc4/edit#gid=396215481&range=D4024"
2023-01-30 04:22,CSM,2129,LOT,2129-T093,Hyperlink Updated,"https://docs.google.com/spreadsheets/d/1HIpS0gbQo8q1Pwo9oQgRFUqCNdud_RXS3w815jX6zc4/edit#gid=396215481&range=D4024"
2023-01-30 04:22,CSM,2216,LOT,2216-T131,Hyperlink Updated,"https://docs.google.com/spreadsheets/d/1HIpS0gbQo8q1Pwo9oQgRFUqCNdud_RXS3w815jX6zc4/edit#gid=396215481&range=D4661"
2023-01-30 04:22,CSM,2129,LOT,2129-T086,Hyperlink Updated,"https://docs.google.com/spreadsheets/d/1HIpS0gbQo8q1Pwo9oQgRFUqCNdud_RXS3w815jX6zc4/edit#gid=396215481&range=D4024"
2023-01-30 04:22,CSM,2216,LOT,2216-T115,Hyperlink Updated,"https://docs.google.com/spreadsheets/d/1HIpS0gbQo8q1Pwo9oQgRFUqCNdud_RXS3w815jX6zc4/edit#gid=396215481&range=D4658"
2023-01-30 04:22,CSM,2216,LOT,2216-T122,Hyperlink Updated,"https://docs.google.com/spreadsheets/d/1HIpS0gbQo8q1Pwo9oQgRFUqCNdud_RXS3w815jX6zc4/edit#gid=396215481&range=D4672"
2023-01-30 04:22,CSM,2216,LOT,2216-T132,Hyperlink Updated,"https://docs.google.com/spreadsheets/d/1HIpS0gbQo8q1Pwo9oQgRFUqCNdud_RXS3w815jX6zc4/edit#gid=396215481&range=D4662"
2023-01-30 04:22,CSM,2216,LOT,2216-T123,Hyperlink Updated,"https://docs.google.com/spreadsheets/d/1HIpS0gbQo8q1Pwo9oQgRFUqCNdud_RXS3w815jX6zc4/edit#gid=396215481&range=D4675"
2023-01-30 04:22,CSM,2129,LOT,2129-T082,Hyperlink Updated,"https://docs.google.com/spreadsheets/d/1HIpS0gbQo8q1Pwo9oQgRFUqCNdud_RXS3w815jX6zc4/edit#gid=396215481&range=D4023"
2023-01-30 04:22,CSM,2129,LOT,2129-T085,Hyperlink Updated,"https://docs.google.com/spreadsheets/d/1HIpS0gbQo8q1Pwo9oQgRFUqCNdud_RXS3w815jX6zc4/edit#gid=396215481&range=D4023"
2023-01-30 04:22,CSM,2129,LOT,2129-T084,Hyperlink Updated,"https://docs.google.com/spreadsheets/d/1HIpS0gbQo8q1Pwo9oQgRFUqCNdud_RXS3w815jX6zc4/edit#gid=396215481&range=D4023"
2023-01-30 04:22,CSM,2129,LOT,2129-T083,Hyperlink Updated,"https://docs.google.com/spreadsheets/d/1HIpS0gbQo8q1Pwo9oQgRFUqCNdud_RXS3w815jX6zc4/edit#gid=396215481&range=D4023"
2023-01-30 04:22,CSM,2129,LOT,2129-T095,Hyperlink Updated,"https://docs.google.com/spreadsheets/d/1HIpS0gbQo8q1Pwo9oQgRFUqCNdud_RXS3w815jX6zc4/edit#gid=396215481&range=D4030"
2023-01-30 04:22,CSM,2129,LOT,2129-T096,Hyperlink Updated,"https://docs.google.com/spreadsheets/d/1HIpS0gbQo8q1Pwo9oQgRFUqCNdud_RXS3w815jX6zc4/edit#gid=396215481&range=D4030"
2023-01-30 04:22,CSM,2129,LOT,2129-T097,Hyperlink Updated,"https://docs.google.com/spreadsheets/d/1HIpS0gbQo8q1Pwo9oQgRFUqCNdud_RXS3w815jX6zc4/edit#gid=396215481&range=D4030"
2023-01-30 04:22,CSM,2129,LOT,2129-T094,Hyperlink Updated,"https://docs.google.com/spreadsheets/d/1HIpS0gbQo8q1Pwo9oQgRFUqCNdud_RXS3w815jX6zc4/edit#gid=396215481&range=D4030"
2023-01-30 04:22,CSM,2142,LOT,2142-T033,Hyperlink Updated,"https://docs.google.com/spreadsheets/d/1HIpS0gbQo8q1Pwo9oQgRFUqCNdud_RXS3w815jX6zc4/edit#gid=396215481&range=D4217"
2023-01-30 04:22,CSM,2142,LOT,2142-T034,Hyperlink Updated,"https://docs.google.com/spreadsheets/d/1HIpS0gbQo8q1Pwo9oQgRFUqCNdud_RXS3w815jX6zc4/edit#gid=396215481&range=D4217"
2023-01-30 04:22,CSM,2137,LOT,2137-T001,Hyperlink Updated,"https://docs.google.com/spreadsheets/d/1HIpS0gbQo8q1Pwo9oQgRFUqCNdud_RXS3w815jX6zc4/edit#gid=396215481&range=D4095"
2023-01-30 04:22,CSM,2137,LOT,2137-T002,Hyperlink Updated,"https://docs.google.com/spreadsheets/d/1HIpS0gbQo8q1Pwo9oQgRFUqCNdud_RXS3w815jX6zc4/edit#gid=396215481&range=D4095"
2023-01-30 04:22,CSM,2137,LOT,2137-T004,Hyperlink Updated,"https://docs.google.com/spreadsheets/d/1HIpS0gbQo8q1Pwo9oQgRFUqCNdud_RXS3w815jX6zc4/edit#gid=396215481&range=D4097"
2023-01-30 04:22,CSM,2137,LOT,2137-T003,Hyperlink Updated,"https://docs.google.com/spreadsheets/d/1HIpS0gbQo8q1Pwo9oQgRFUqCNdud_RXS3w815jX6zc4/edit#gid=396215481&range=D4096"
2023-01-30 04:22,CSM,2137,LOT,2137-T032,Hyperlink Updated,"https://docs.google.com/spreadsheets/d/1HIpS0gbQo8q1Pwo9oQgRFUqCNdud_RXS3w815jX6zc4/edit#gid=396215481&range=D4095"
2023-01-30 04:22,CSM,2137,LOT,2137-T005,Hyperlink Updated,"https://docs.google.com/spreadsheets/d/1HIpS0gbQo8q1Pwo9oQgRFUqCNdud_RXS3w815jX6zc4/edit#gid=396215481&range=D4099"
2023-01-30 04:23,CSM,2137,LOT,2137-T007,Hyperlink Updated,"https://docs.google.com/spreadsheets/d/1HIpS0gbQo8q1Pwo9oQgRFUqCNdud_RXS3w815jX6zc4/edit#gid=396215481&range=D4101"
2023-01-30 04:23,CSM,2137,LOT,2137-T006,Hyperlink Updated,"https://docs.google.com/spreadsheets/d/1HIpS0gbQo8q1Pwo9oQgRFUqCNdud_RXS3w815jX6zc4/edit#gid=396215481&range=D4100"
2023-01-30 04:23,CSM,2137,LOT,2137-T009,Hyperlink Updated,"https://docs.google.com/spreadsheets/d/1HIpS0gbQo8q1Pwo9oQgRFUqCNdud_RXS3w815jX6zc4/edit#gid=396215481&range=D4103"
2023-01-30 04:23,CSM,2137,LOT,2137-T008,Hyperlink Updated,"https://docs.google.com/spreadsheets/d/1HIpS0gbQo8q1Pwo9oQgRFUqCNdud_RXS3w815jX6zc4/edit#gid=396215481&range=D4102"
2023-01-30 04:23,CSM,2137,LOT,2137-T010,Hyperlink Updated,"https://docs.google.com/spreadsheets/d/1HIpS0gbQo8q1Pwo9oQgRFUqCNdud_RXS3w815jX6zc4/edit#gid=396215481&range=D4105"
2023-01-30 04:23,CSM,2137,LOT,2137-T011,Hyperlink Updated,"https://docs.google.com/spreadsheets/d/1HIpS0gbQo8q1Pwo9oQgRFUqCNdud_RXS3w815jX6zc4/edit#gid=396215481&range=D4105"
2023-01-30 04:23,CSM,2137,LOT,2137-T012,Hyperlink Updated,"https://docs.google.com/spreadsheets/d/1HIpS0gbQo8q1Pwo9oQgRFUqCNdud_RXS3w815jX6zc4/edit#gid=396215481&range=D4107"
2023-01-30 04:23,CSM,2137,LOT,2137-T013,Hyperlink Updated,"https://docs.google.com/spreadsheets/d/1HIpS0gbQo8q1Pwo9oQgRFUqCNdud_RXS3w815jX6zc4/edit#gid=396215481&range=D4108"
2023-01-30 04:23,CSM,2137,LOT,2137-T015,Hyperlink Updated,"https://docs.google.com/spreadsheets/d/1HIpS0gbQo8q1Pwo9oQgRFUqCNdud_RXS3w815jX6zc4/edit#gid=396215481&range=D4109"
2023-01-30 04:23,CSM,2137,LOT,2137-T014,Hyperlink Updated,"https://docs.google.com/spreadsheets/d/1HIpS0gbQo8q1Pwo9oQgRFUqCNdud_RXS3w815jX6zc4/edit#gid=396215481&range=D4109"
2023-01-30 04:23,CSM,2137,LOT,2137-T017,Hyperlink Updated,"https://docs.google.com/spreadsheets/d/1HIpS0gbQo8q1Pwo9oQgRFUqCNdud_RXS3w815jX6zc4/edit#gid=396215481&range=D4112"
2023-01-30 04:23,CSM,2137,LOT,2137-T016,Hyperlink Updated,"https://docs.google.com/spreadsheets/d/1HIpS0gbQo8q1Pwo9oQgRFUqCNdud_RXS3w815jX6zc4/edit#gid=396215481&range=D4111"
2023-01-30 04:23,CSM,2137,LOT,2137-T020,Hyperlink Updated,"https://docs.google.com/spreadsheets/d/1HIpS0gbQo8q1Pwo9oQgRFUqCNdud_RXS3w815jX6zc4/edit#gid=396215481&range=D4117"
2023-01-30 04:23,CSM,2129,LOT,2129-T041,Hyperlink Updated,"https://docs.google.com/spreadsheets/d/1HIpS0gbQo8q1Pwo9oQgRFUqCNdud_RXS3w815jX6zc4/edit#gid=396215481&range=D4016"
2023-01-30 04:23,CSM,2137,LOT,2137-T021,Hyperlink Updated,"https://docs.google.com/spreadsheets/d/1HIpS0gbQo8q1Pwo9oQgRFUqCNdud_RXS3w815jX6zc4/edit#gid=396215481&range=D4118"
2023-01-30 04:23,CSM,2129,LOT,2129-T042,Hyperlink Updated,"https://docs.google.com/spreadsheets/d/1HIpS0gbQo8q1Pwo9oQgRFUqCNdud_RXS3w815jX6zc4/edit#gid=396215481&range=D4017"
2023-01-30 04:23,CSM,2137,LOT,2137-T023,Hyperlink Updated,"https://docs.google.com/spreadsheets/d/1HIpS0gbQo8q1Pwo9oQgRFUqCNdud_RXS3w815jX6zc4/edit#gid=396215481&range=D4120"
2023-01-30 04:23,CSM,2137,LOT,2137-T025,Hyperlink Updated,"https://docs.google.com/spreadsheets/d/1HIpS0gbQo8q1Pwo9oQgRFUqCNdud_RXS3w815jX6zc4/edit#gid=396215481&range=D4123"
2023-01-30 04:23,CSM,2137,LOT,2137-T024,Hyperlink Updated,"https://docs.google.com/spreadsheets/d/1HIpS0gbQo8q1Pwo9oQgRFUqCNdud_RXS3w815jX6zc4/edit#gid=396215481&range=D4121"
2023-01-30 04:23,CSM,2137,LOT,2137-T027,Hyperlink Updated,"https://docs.google.com/spreadsheets/d/1HIpS0gbQo8q1Pwo9oQgRFUqCNdud_RXS3w815jX6zc4/edit#gid=396215481&range=D4126"
2023-01-30 04:23,CSM,2137,LOT,2137-T028,Hyperlink Updated,"https://docs.google.com/spreadsheets/d/1HIpS0gbQo8q1Pwo9oQgRFUqCNdud_RXS3w815jX6zc4/edit#gid=396215481&range=D4128"
2023-01-30 04:23,FED,2215,LOT,2215-T001,Hyperlink Updated,"https://docs.google.com/spreadsheets/d/1HIpS0gbQo8q1Pwo9oQgRFUqCNdud_RXS3w815jX6zc4/edit#gid=396215481&range=D4556"
2023-01-30 04:23,FED,2215,LOT,2215-T002,Hyperlink Updated,"https://docs.google.com/spreadsheets/d/1HIpS0gbQo8q1Pwo9oQgRFUqCNdud_RXS3w815jX6zc4/edit#gid=396215481&range=D4556"
2023-01-30 04:23,FED,2215,LOT,2215-T003,Hyperlink Updated,"https://docs.google.com/spreadsheets/d/1HIpS0gbQo8q1Pwo9oQgRFUqCNdud_RXS3w815jX6zc4/edit#gid=396215481&range=D4556"
2023-01-30 04:23,FED,2216,LOT,2216-T012,Hyperlink Updated,"https://docs.google.com/spreadsheets/d/1HIpS0gbQo8q1Pwo9oQgRFUqCNdud_RXS3w815jX6zc4/edit#gid=396215481&range=D4699"
2023-01-30 04:23,FED,2215,LOT,2215-T004,Hyperlink Updated,"https://docs.google.com/spreadsheets/d/1HIpS0gbQo8q1Pwo9oQgRFUqCNdud_RXS3w815jX6zc4/edit#gid=396215481&range=D4556"
2023-01-30 04:23,FED,2216,LOT,2216-T069,Hyperlink Updated,"https://docs.google.com/spreadsheets/d/1HIpS0gbQo8q1Pwo9oQgRFUqCNdud_RXS3w815jX6zc4/edit#gid=396215481&range=D4725"
2023-01-30 04:23,FED,2215,LOT,2215-T005,Hyperlink Updated,"https://docs.google.com/spreadsheets/d/1HIpS0gbQo8q1Pwo9oQgRFUqCNdud_RXS3w815jX6zc4/edit#gid=396215481&range=D4557"
2023-01-30 04:23,FED,2216,LOT,2216-T022,Hyperlink Updated,"https://docs.google.com/spreadsheets/d/1HIpS0gbQo8q1Pwo9oQgRFUqCNdud_RXS3w815jX6zc4/edit#gid=396215481&range=D4701"
2023-01-30 04:23,FED,2216,LOT,2216-T083,Hyperlink Updated,"https://docs.google.com/spreadsheets/d/1HIpS0gbQo8q1Pwo9oQgRFUqCNdud_RXS3w815jX6zc4/edit#gid=396215481&range=D4704"
2023-01-30 04:23,FED,2215,LOT,2215-T009,Hyperlink Updated,"https://docs.google.com/spreadsheets/d/1HIpS0gbQo8q1Pwo9oQgRFUqCNdud_RXS3w815jX6zc4/edit#gid=396215481&range=D4558"
2023-01-30 04:23,FED,2216,LOT,2216-T084,Hyperlink Updated,"https://docs.google.com/spreadsheets/d/1HIpS0gbQo8q1Pwo9oQgRFUqCNdud_RXS3w815jX6zc4/edit#gid=396215481&range=D4705"
2023-01-30 04:23,FED,2215,LOT,2215-T010,Hyperlink Updated,"https://docs.google.com/spreadsheets/d/1HIpS0gbQo8q1Pwo9oQgRFUqCNdud_RXS3w815jX6zc4/edit#gid=396215481&range=D4558"
2023-01-30 04:23,FED,2215,LOT,2215-T008,Hyperlink Updated,"https://docs.google.com/spreadsheets/d/1HIpS0gbQo8q1Pwo9oQgRFUqCNdud_RXS3w815jX6zc4/edit#gid=396215481&range=D4558"
2023-01-30 04:23,FED,2215,LOT,2215-T007,Hyperlink Updated,"https://docs.google.com/spreadsheets/d/1HIpS0gbQo8q1Pwo9oQgRFUqCNdud_RXS3w815jX6zc4/edit#gid=396215481&range=D4558"
2023-01-30 04:23,FED,2215,LOT,2215-T006,Hyperlink Updated,"https://docs.google.com/spreadsheets/d/1HIpS0gbQo8q1Pwo9oQgRFUqCNdud_RXS3w815jX6zc4/edit#gid=396215481&range=D4558"
2023-01-30 04:23,FED,2201,LOT,2201-T017,Hyperlink Updated,"https://docs.google.com/spreadsheets/d/1HIpS0gbQo8q1Pwo9oQgRFUqCNdud_RXS3w815jX6zc4/edit#gid=396215481&range=D4307"
2023-01-30 04:24,FED,2201,LOT,2201-T016,Hyperlink Updated,"https://docs.google.com/spreadsheets/d/1HIpS0gbQo8q1Pwo9oQgRFUqCNdud_RXS3w815jX6zc4/edit#gid=396215481&range=D4307"
2023-01-30 04:24,FED,2201,LOT,2201-T019,Hyperlink Updated,"https://docs.google.com/spreadsheets/d/1HIpS0gbQo8q1Pwo9oQgRFUqCNdud_RXS3w815jX6zc4/edit#gid=396215481&range=D4307"
2023-01-30 04:24,FED,2201,LOT,2201-T018,Hyperlink Updated,"https://docs.google.com/spreadsheets/d/1HIpS0gbQo8q1Pwo9oQgRFUqCNdud_RXS3w815jX6zc4/edit#gid=396215481&range=D4307"
2023-01-30 04:24,FED,2138,LOT,2138-T003,Hyperlink Updated,"https://docs.google.com/spreadsheets/d/1HIpS0gbQo8q1Pwo9oQgRFUqCNdud_RXS3w815jX6zc4/edit#gid=396215481&range=D4141"
2023-01-30 04:24,FED,2138,LOT,2138-T002,Hyperlink Updated,"https://docs.google.com/spreadsheets/d/1HIpS0gbQo8q1Pwo9oQgRFUqCNdud_RXS3w815jX6zc4/edit#gid=396215481&range=D4141"
2023-01-30 04:24,FED,2138,LOT,2138-T004,Hyperlink Updated,"https://docs.google.com/spreadsheets/d/1HIpS0gbQo8q1Pwo9oQgRFUqCNdud_RXS3w815jX6zc4/edit#gid=396215481&range=D4141"
2023-01-30 04:24,FED,2215,LOT,2215-T011,Hyperlink Updated,"https://docs.google.com/spreadsheets/d/1HIpS0gbQo8q1Pwo9oQgRFUqCNdud_RXS3w815jX6zc4/edit#gid=396215481&range=D4559"
2023-01-30 04:24,FED,2216,LOT,2216-T100,Hyperlink Updated,"https://docs.google.com/spreadsheets/d/1HIpS0gbQo8q1Pwo9oQgRFUqCNdud_RXS3w815jX6zc4/edit#gid=396215481&range=D4743"
2023-01-30 04:24,FED,2216,LOT,2216-T085,Hyperlink Updated,"https://docs.google.com/spreadsheets/d/1HIpS0gbQo8q1Pwo9oQgRFUqCNdud_RXS3w815jX6zc4/edit#gid=396215481&range=D4712"
2023-01-30 04:24,FED,2201,LOT,2201-T021,Hyperlink Updated,"https://docs.google.com/spreadsheets/d/1HIpS0gbQo8q1Pwo9oQgRFUqCNdud_RXS3w815jX6zc4/edit#gid=396215481&range=D4308"
2023-01-30 04:24,FED,2216,LOT,2216-T086,Hyperlink Updated,"https://docs.google.com/spreadsheets/d/1HIpS0gbQo8q1Pwo9oQgRFUqCNdud_RXS3w815jX6zc4/edit#gid=396215481&range=D4716"
2023-01-30 04:24,FED,2216,LOT,2216-T101,Hyperlink Updated,"https://docs.google.com/spreadsheets/d/1HIpS0gbQo8q1Pwo9oQgRFUqCNdud_RXS3w815jX6zc4/edit#gid=396215481&range=D4744"
2023-01-30 04:24,FED,2201,LOT,2201-T020,Hyperlink Updated,"https://docs.google.com/spreadsheets/d/1HIpS0gbQo8q1Pwo9oQgRFUqCNdud_RXS3w815jX6zc4/edit#gid=396215481&range=D4308"
2023-01-30 04:24,FED,2216,LOT,2216-T108,Hyperlink Updated,"https://docs.google.com/spreadsheets/d/1HIpS0gbQo8q1Pwo9oQgRFUqCNdud_RXS3w815jX6zc4/edit#gid=396215481&range=D4748"
2023-01-30 04:24,FED,2201,LOT,2201-T022,Hyperlink Updated,"https://docs.google.com/spreadsheets/d/1HIpS0gbQo8q1Pwo9oQgRFUqCNdud_RXS3w815jX6zc4/edit#gid=396215481&range=D4309"
2023-01-30 04:24,FED,2215,LOT,2215-T016,Hyperlink Updated,"https://docs.google.com/spreadsheets/d/1HIpS0gbQo8q1Pwo9oQgRFUqCNdud_RXS3w815jX6zc4/edit#gid=396215481&range=D4560"
2023-01-30 04:24,FED,2215,LOT,2215-T017,Hyperlink Updated,"https://docs.google.com/spreadsheets/d/1HIpS0gbQo8q1Pwo9oQgRFUqCNdud_RXS3w815jX6zc4/edit#gid=396215481&range=D4560"
2023-01-30 04:24,FED,2201,LOT,2201-T023,Hyperlink Updated,"https://docs.google.com/spreadsheets/d/1HIpS0gbQo8q1Pwo9oQgRFUqCNdud_RXS3w815jX6zc4/edit#gid=396215481&range=D4309"
2023-01-30 04:24,FED,2216,LOT,2216-T102,Hyperlink Updated,"https://docs.google.com/spreadsheets/d/1HIpS0gbQo8q1Pwo9oQgRFUqCNdud_RXS3w815jX6zc4/edit#gid=396215481&range=D4754"
2023-01-30 04:24,FED,2216,LOT,2216-T111,Hyperlink Updated,"https://docs.google.com/spreadsheets/d/1HIpS0gbQo8q1Pwo9oQgRFUqCNdud_RXS3w815jX6zc4/edit#gid=396215481&range=D4757"
2023-01-30 04:24,FED,2201,LOT,2201-T026,Hyperlink Updated,"https://docs.google.com/spreadsheets/d/1HIpS0gbQo8q1Pwo9oQgRFUqCNdud_RXS3w815jX6zc4/edit#gid=396215481&range=D4310"
2023-01-30 04:24,FED,2201,LOT,2201-T025,Hyperlink Updated,"https://docs.google.com/spreadsheets/d/1HIpS0gbQo8q1Pwo9oQgRFUqCNdud_RXS3w815jX6zc4/edit#gid=396215481&range=D4310"
2023-01-30 04:24,FED,2201,LOT,2201-T029,Hyperlink Updated,"https://docs.google.com/spreadsheets/d/1HIpS0gbQo8q1Pwo9oQgRFUqCNdud_RXS3w815jX6zc4/edit#gid=396215481&range=D4310"
2023-01-30 04:24,FED,2201,LOT,2201-T028,Hyperlink Updated,"https://docs.google.com/spreadsheets/d/1HIpS0gbQo8q1Pwo9oQgRFUqCNdud_RXS3w815jX6zc4/edit#gid=396215481&range=D4310"
2023-01-30 04:24,FED,2201,LOT,2201-T024,Hyperlink Updated,"https://docs.google.com/spreadsheets/d/1HIpS0gbQo8q1Pwo9oQgRFUqCNdud_RXS3w815jX6zc4/edit#gid=396215481&range=D4310"
2023-01-30 04:24,FED,2201,LOT,2201-T033,Hyperlink Updated,"https://docs.google.com/spreadsheets/d/1HIpS0gbQo8q1Pwo9oQgRFUqCNdud_RXS3w815jX6zc4/edit#gid=396215481&range=D4311"
2023-01-30 04:24,FED,2201,LOT,2201-T031,Hyperlink Updated,"https://docs.google.com/spreadsheets/d/1HIpS0gbQo8q1Pwo9oQgRFUqCNdud_RXS3w815jX6zc4/edit#gid=396215481&range=D4311"
2023-01-30 04:24,FED,2201,LOT,2201-T030,Hyperlink Updated,"https://docs.google.com/spreadsheets/d/1HIpS0gbQo8q1Pwo9oQgRFUqCNdud_RXS3w815jX6zc4/edit#gid=396215481&range=D4311"
2023-01-30 04:24,FED,2201,LOT,2201-T032,Hyperlink Updated,"https://docs.google.com/spreadsheets/d/1HIpS0gbQo8q1Pwo9oQgRFUqCNdud_RXS3w815jX6zc4/edit#gid=396215481&range=D4311"
2023-01-30 04:24,FED,2216,LOT,2216-T133,Hyperlink Updated,"https://docs.google.com/spreadsheets/d/1HIpS0gbQo8q1Pwo9oQgRFUqCNdud_RXS3w815jX6zc4/edit#gid=396215481&range=D4760"
2023-01-30 04:24,FED,2201,LOT,2201-T034,Hyperlink Updated,"https://docs.google.com/spreadsheets/d/1HIpS0gbQo8q1Pwo9oQgRFUqCNdud_RXS3w815jX6zc4/edit#gid=396215481&range=D4312"
2023-01-30 04:24,FED,2139,LOT,2139-T007,Hyperlink Updated,"https://docs.google.com/spreadsheets/d/1HIpS0gbQo8q1Pwo9oQgRFUqCNdud_RXS3w815jX6zc4/edit#gid=396215481&range=D4149"
2023-01-30 04:24,FED,2139,LOT,2139-T006,Hyperlink Updated,"https://docs.google.com/spreadsheets/d/1HIpS0gbQo8q1Pwo9oQgRFUqCNdud_RXS3w815jX6zc4/edit#gid=396215481&range=D4149"
2023-01-30 04:24,FED,2139,LOT,2139-T008,Hyperlink Updated,"https://docs.google.com/spreadsheets/d/1HIpS0gbQo8q1Pwo9oQgRFUqCNdud_RXS3w815jX6zc4/edit#gid=396215481&range=D4150"
2023-01-30 04:24,FED,2201,LOT,2201-T037,Hyperlink Updated,"https://docs.google.com/spreadsheets/d/1HIpS0gbQo8q1Pwo9oQgRFUqCNdud_RXS3w815jX6zc4/edit#gid=396215481&range=D4313"
2023-01-30 04:24,FED,2139,LOT,2139-T010,Hyperlink Updated,"https://docs.google.com/spreadsheets/d/1HIpS0gbQo8q1Pwo9oQgRFUqCNdud_RXS3w815jX6zc4/edit#gid=396215481&range=D4151"
2023-01-30 04:24,FED,2139,LOT,2139-T009,Hyperlink Updated,"https://docs.google.com/spreadsheets/d/1HIpS0gbQo8q1Pwo9oQgRFUqCNdud_RXS3w815jX6zc4/edit#gid=396215481&range=D4151"
2023-01-30 04:24,FED,2216,LOT,2216-T135,Hyperlink Updated,"https://docs.google.com/spreadsheets/d/1HIpS0gbQo8q1Pwo9oQgRFUqCNdud_RXS3w815jX6zc4/edit#gid=396215481&range=D4765"
2023-01-30 04:24,FED,2216,LOT,2216-T134,Hyperlink Updated,"https://docs.google.com/spreadsheets/d/1HIpS0gbQo8q1Pwo9oQgRFUqCNdud_RXS3w815jX6zc4/edit#gid=396215481&range=D4762"
2023-01-30 07:20,FED,2215,LOT,2215-T012,New Calendar Event,-
2023-01-30 08:20,CSM,2224,LOT,2224-T014,Change Event Date,01/27/2023 -> 01/31/2023
2023-01-30 08:20,CSM,2224,LOT,2224-T017,Change Event Date,01/27/2023 -> 01/31/2023
2023-01-30 08:20,CSM,2224,LOT,2224-T013,Change Event Date,01/27/2023 -> 01/31/2023
2023-01-30 08:20,CSM,2224,LOT,2224-T015,Change Event Date,01/27/2023 -> 01/31/2023
2023-01-30 09:20,CSF,2125,Ticket,2125-170,New Calendar Event,-
2023-01-30 12:20,CSM,2129,Ticket,2129-21,New Calendar Event,-
2023-01-30 16:20,CSM,2216,Ticket,2216-9,Hyperlink updated,"https://docs.google.com/spreadsheets/d/1HIpS0gbQo8q1Pwo9oQgRFUqCNdud_RXS3w815jX6zc4/edit#gid=396215481&range=D4683"
2023-01-30 16:20,CSM,2216,Ticket,2216-60.1,Hyperlink updated,"https://docs.google.com/spreadsheets/d/1HIpS0gbQo8q1Pwo9oQgRFUqCNdud_RXS3w815jX6zc4/edit#gid=396215481&range=D4685"
2023-01-30 16:20,CSM,2212,Ticket,2212-1.1,Hyperlink updated,"https://docs.google.com/spreadsheets/d/1HIpS0gbQo8q1Pwo9oQgRFUqCNdud_RXS3w815jX6zc4/edit#gid=396215481&range=D4451"
2023-01-30 16:20,CSM,2216,Ticket,2216-1000,Hyperlink updated,"https://docs.google.com/spreadsheets/d/1HIpS0gbQo8q1Pwo9oQgRFUqCNdud_RXS3w815jX6zc4/edit#gid=396215481&range=D4682"
2023-01-30 16:20,CSM,2121,Item,2121-25.2,New Calendar Event,-
2023-01-30 16:20,FED,2212,Ticket,2212-4,New Calendar Event,-
2023-01-30 16:20,FED,2212,Ticket,2212-5,New Calendar Event,-
2023-01-30 16:20,FED,2127,Ticket,2127-60,Hyperlink updated,"https://docs.google.com/spreadsheets/d/1HIpS0gbQo8q1Pwo9oQgRFUqCNdud_RXS3w815jX6zc4/edit#gid=396215481&range=D3798"
2023-01-30 16:20,FED,2127,Ticket,2127-61,Hyperlink updated,"https://docs.google.com/spreadsheets/d/1HIpS0gbQo8q1Pwo9oQgRFUqCNdud_RXS3w815jX6zc4/edit#gid=396215481&range=D3799"
2023-01-30 16:20,FED,2216,Ticket,2216-2,Hyperlink updated,"https://docs.google.com/spreadsheets/d/1HIpS0gbQo8q1Pwo9oQgRFUqCNdud_RXS3w815jX6zc4/edit#gid=396215481&range=D4787"
2023-01-30 16:20,FED,2216,Ticket,2216-3,Hyperlink updated,"https://docs.google.com/spreadsheets/d/1HIpS0gbQo8q1Pwo9oQgRFUqCNdud_RXS3w815jX6zc4/edit#gid=396215481&range=D4788"
2023-01-30 16:20,CSF,2127,Ticket,2127-48,Hyperlink updated,"https://docs.google.com/spreadsheets/d/1HIpS0gbQo8q1Pwo9oQgRFUqCNdud_RXS3w815jX6zc4/edit#gid=396215481&range=D3789"
2023-01-30 16:20,CSF,2125,Ticket,2125-108,Hyperlink updated,"https://docs.google.com/spreadsheets/d/1HIpS0gbQo8q1Pwo9oQgRFUqCNdud_RXS3w815jX6zc4/edit#gid=396215481&range=D3609"
2023-01-30 16:20,CSF,2125,Ticket,2125-124,Hyperlink updated,"https://docs.google.com/spreadsheets/d/1HIpS0gbQo8q1Pwo9oQgRFUqCNdud_RXS3w815jX6zc4/edit#gid=396215481&range=D3623"
2023-01-30 16:20,CSF,2125,Ticket,2125-122,Hyperlink updated,"https://docs.google.com/spreadsheets/d/1HIpS0gbQo8q1Pwo9oQgRFUqCNdud_RXS3w815jX6zc4/edit#gid=396215481&range=D3621"
2023-01-30 16:20,CSF,2125,Ticket,2125-123,Hyperlink updated,"https://docs.google.com/spreadsheets/d/1HIpS0gbQo8q1Pwo9oQgRFUqCNdud_RXS3w815jX6zc4/edit#gid=396215481&range=D3622"
2023-01-30 16:20,CSF,2129,Ticket,2129-5,Hyperlink updated,"https://docs.google.com/spreadsheets/d/1HIpS0gbQo8q1Pwo9oQgRFUqCNdud_RXS3w815jX6zc4/edit#gid=396215481&range=D4001"
2023-01-30 16:20,CSF,2129,Ticket,2129-13,Hyperlink updated,"https://docs.google.com/spreadsheets/d/1HIpS0gbQo8q1Pwo9oQgRFUqCNdud_RXS3w815jX6zc4/edit#gid=396215481&range=D4007"
2023-01-30 16:20,CSF,2129,Ticket,2129-4,Hyperlink updated,"https://docs.google.com/spreadsheets/d/1HIpS0gbQo8q1Pwo9oQgRFUqCNdud_RXS3w815jX6zc4/edit#gid=396215481&range=D4000"
2023-01-30 16:20,CSF,2125,Ticket,2125-110,Hyperlink updated,"https://docs.google.com/spreadsheets/d/1HIpS0gbQo8q1Pwo9oQgRFUqCNdud_RXS3w815jX6zc4/edit#gid=396215481&range=D3611"
2023-01-30 16:20,CSF,2125,Ticket,2125-112,Hyperlink updated,"https://docs.google.com/spreadsheets/d/1HIpS0gbQo8q1Pwo9oQgRFUqCNdud_RXS3w815jX6zc4/edit#gid=396215481&range=D3612"
2023-01-30 16:20,CSF,2125,Ticket,2125-121,Hyperlink updated,"https://docs.google.com/spreadsheets/d/1HIpS0gbQo8q1Pwo9oQgRFUqCNdud_RXS3w815jX6zc4/edit#gid=396215481&range=D3620"
2023-01-30 16:20,CSF,2129,Ticket,2129-14,Hyperlink updated,"https://docs.google.com/spreadsheets/d/1HIpS0gbQo8q1Pwo9oQgRFUqCNdud_RXS3w815jX6zc4/edit#gid=396215481&range=D4008"
2023-01-30 16:20,CSF,2125,Ticket,2125-117,Hyperlink updated,"https://docs.google.com/spreadsheets/d/1HIpS0gbQo8q1Pwo9oQgRFUqCNdud_RXS3w815jX6zc4/edit#gid=396215481&range=D3617"
2023-01-30 16:20,CSF,2125,Ticket,2125-128,Hyperlink updated,"https://docs.google.com/spreadsheets/d/1HIpS0gbQo8q1Pwo9oQgRFUqCNdud_RXS3w815jX6zc4/edit#gid=396215481&range=D3627"
2023-01-30 16:20,CSF,2125,Ticket,2125-125,Hyperlink updated,"https://docs.google.com/spreadsheets/d/1HIpS0gbQo8q1Pwo9oQgRFUqCNdud_RXS3w815jX6zc4/edit#gid=396215481&range=D3624"
2023-01-30 16:20,CSF,2125,Ticket,2125-127,Hyperlink updated,"https://docs.google.com/spreadsheets/d/1HIpS0gbQo8q1Pwo9oQgRFUqCNdud_RXS3w815jX6zc4/edit#gid=396215481&range=D3626"
2023-01-30 16:20,CSF,2125,Ticket,2125-129,Hyperlink updated,"https://docs.google.com/spreadsheets/d/1HIpS0gbQo8q1Pwo9oQgRFUqCNdud_RXS3w815jX6zc4/edit#gid=396215481&range=D3628"
2023-01-30 16:20,CSF,2125,Ticket,2125-131,Hyperlink updated,"https://docs.google.com/spreadsheets/d/1HIpS0gbQo8q1Pwo9oQgRFUqCNdud_RXS3w815jX6zc4/edit#gid=396215481&range=D3629"
2023-01-30 16:20,CSF,2125,Ticket,2125-126,Hyperlink updated,"https://docs.google.com/spreadsheets/d/1HIpS0gbQo8q1Pwo9oQgRFUqCNdud_RXS3w815jX6zc4/edit#gid=396215481&range=D3625"
2023-01-30 16:20,CSF,2127,Item,2127-233,Hyperlink updated,"https://docs.google.com/spreadsheets/d/1HIpS0gbQo8q1Pwo9oQgRFUqCNdud_RXS3w815jX6zc4/edit#gid=396215481&range=D3719"
2023-01-30 16:21,CSF,2201,Buyout,2201-97.2,Hyperlink updated,"https://docs.google.com/spreadsheets/d/1HIpS0gbQo8q1Pwo9oQgRFUqCNdud_RXS3w815jX6zc4/edit#gid=396215481&range=D4272"
2023-01-30 16:21,CSF,2201,Buyout,2201-98.2,Hyperlink updated,"https://docs.google.com/spreadsheets/d/1HIpS0gbQo8q1Pwo9oQgRFUqCNdud_RXS3w815jX6zc4/edit#gid=396215481&range=D4273"
2023-01-30 16:21,CSM,2216,LOT,2216-T013,Hyperlink Updated,"https://docs.google.com/spreadsheets/d/1HIpS0gbQo8q1Pwo9oQgRFUqCNdud_RXS3w815jX6zc4/edit#gid=396215481&range=D4574"
2023-01-30 16:21,CSM,2216,LOT,2216-T002,Hyperlink Updated,"https://docs.google.com/spreadsheets/d/1HIpS0gbQo8q1Pwo9oQgRFUqCNdud_RXS3w815jX6zc4/edit#gid=396215481&range=D4574"
2023-01-30 16:21,CSM,2216,LOT,2216-T016,Hyperlink Updated,"https://docs.google.com/spreadsheets/d/1HIpS0gbQo8q1Pwo9oQgRFUqCNdud_RXS3w815jX6zc4/edit#gid=396215481&range=D4581"
2023-01-30 16:21,CSM,2216,LOT,2216-T014,Hyperlink Updated,"https://docs.google.com/spreadsheets/d/1HIpS0gbQo8q1Pwo9oQgRFUqCNdud_RXS3w815jX6zc4/edit#gid=396215481&range=D4577"
2023-01-30 16:21,CSM,2216,LOT,2216-T019,Hyperlink Updated,"https://docs.google.com/spreadsheets/d/1HIpS0gbQo8q1Pwo9oQgRFUqCNdud_RXS3w815jX6zc4/edit#gid=396215481&range=D4589"
2023-01-30 16:21,CSM,2216,LOT,2216-T017,Hyperlink Updated,"https://docs.google.com/spreadsheets/d/1HIpS0gbQo8q1Pwo9oQgRFUqCNdud_RXS3w815jX6zc4/edit#gid=396215481&range=D4582"
2023-01-30 16:21,CSM,2216,LOT,2216-T052,Hyperlink Updated,"https://docs.google.com/spreadsheets/d/1HIpS0gbQo8q1Pwo9oQgRFUqCNdud_RXS3w815jX6zc4/edit#gid=396215481&range=D4629"
2023-01-30 16:21,CSM,2224,LOT,2224-T016,Hyperlink Updated,"https://docs.google.com/spreadsheets/d/1HIpS0gbQo8q1Pwo9oQgRFUqCNdud_RXS3w815jX6zc4/edit#gid=396215481&range=D4951"
2023-01-30 16:21,CSM,2216,LOT,2216-T051,Hyperlink Updated,"https://docs.google.com/spreadsheets/d/1HIpS0gbQo8q1Pwo9oQgRFUqCNdud_RXS3w815jX6zc4/edit#gid=396215481&range=D4629"
2023-01-30 16:21,CSM,2216,LOT,2216-T053,Hyperlink Updated,"https://docs.google.com/spreadsheets/d/1HIpS0gbQo8q1Pwo9oQgRFUqCNdud_RXS3w815jX6zc4/edit#gid=396215481&range=D4623"
2023-01-30 16:21,CSM,2216,LOT,2216-T020,Hyperlink Updated,"https://docs.google.com/spreadsheets/d/1HIpS0gbQo8q1Pwo9oQgRFUqCNdud_RXS3w815jX6zc4/edit#gid=396215481&range=D4589"
2023-01-30 16:21,CSM,2224,LOT,2224-T018,Hyperlink Updated,"https://docs.google.com/spreadsheets/d/1HIpS0gbQo8q1Pwo9oQgRFUqCNdud_RXS3w815jX6zc4/edit#gid=396215481&range=D4950"
2023-01-30 16:21,CSM,2224,LOT,2224-T005,Hyperlink Updated,"https://docs.google.com/spreadsheets/d/1HIpS0gbQo8q1Pwo9oQgRFUqCNdud_RXS3w815jX6zc4/edit#gid=396215481&range=D4950"
2023-01-30 16:21,CSM,2224,LOT,2224-T012,Hyperlink Updated,"https://docs.google.com/spreadsheets/d/1HIpS0gbQo8q1Pwo9oQgRFUqCNdud_RXS3w815jX6zc4/edit#gid=396215481&range=D4950"
2023-01-30 16:21,CSM,2224,LOT,2224-T007,Hyperlink Updated,"https://docs.google.com/spreadsheets/d/1HIpS0gbQo8q1Pwo9oQgRFUqCNdud_RXS3w815jX6zc4/edit#gid=396215481&range=D4950"
2023-01-30 16:21,CSM,2224,LOT,2224-T010,Hyperlink Updated,"https://docs.google.com/spreadsheets/d/1HIpS0gbQo8q1Pwo9oQgRFUqCNdud_RXS3w815jX6zc4/edit#gid=396215481&range=D4950"
2023-01-30 16:21,CSM,2224,LOT,2224-T009,Hyperlink Updated,"https://docs.google.com/spreadsheets/d/1HIpS0gbQo8q1Pwo9oQgRFUqCNdud_RXS3w815jX6zc4/edit#gid=396215481&range=D4950"
2023-01-30 16:21,CSM,2224,LOT,2224-T006,Hyperlink Updated,"https://docs.google.com/spreadsheets/d/1HIpS0gbQo8q1Pwo9oQgRFUqCNdud_RXS3w815jX6zc4/edit#gid=396215481&range=D4950"
2023-01-30 16:21,CSM,2224,LOT,2224-T008,Hyperlink Updated,"https://docs.google.com/spreadsheets/d/1HIpS0gbQo8q1Pwo9oQgRFUqCNdud_RXS3w815jX6zc4/edit#gid=396215481&range=D4950"
2023-01-30 16:21,CSM,2224,LOT,2224-T011,Hyperlink Updated,"https://docs.google.com/spreadsheets/d/1HIpS0gbQo8q1Pwo9oQgRFUqCNdud_RXS3w815jX6zc4/edit#gid=396215481&range=D4950"
2023-01-30 16:21,CSM,2224,LOT,2224-T014,Hyperlink Updated,"https://docs.google.com/spreadsheets/d/1HIpS0gbQo8q1Pwo9oQgRFUqCNdud_RXS3w815jX6zc4/edit#gid=396215481&range=D4951"
2023-01-30 16:21,CSM,2224,LOT,2224-T017,Hyperlink Updated,"https://docs.google.com/spreadsheets/d/1HIpS0gbQo8q1Pwo9oQgRFUqCNdud_RXS3w815jX6zc4/edit#gid=396215481&range=D4951"
2023-01-30 16:21,CSM,2224,LOT,2224-T013,Hyperlink Updated,"https://docs.google.com/spreadsheets/d/1HIpS0gbQo8q1Pwo9oQgRFUqCNdud_RXS3w815jX6zc4/edit#gid=396215481&range=D4951"
2023-01-30 16:21,CSM,2224,LOT,2224-T015,Hyperlink Updated,"https://docs.google.com/spreadsheets/d/1HIpS0gbQo8q1Pwo9oQgRFUqCNdud_RXS3w815jX6zc4/edit#gid=396215481&range=D4951"
2023-01-30 16:21,CSM,2216,LOT,2216-T076,Hyperlink Updated,"https://docs.google.com/spreadsheets/d/1HIpS0gbQo8q1Pwo9oQgRFUqCNdud_RXS3w815jX6zc4/edit#gid=396215481&range=D4595"
2023-01-30 16:21,CSM,2216,LOT,2216-T077,Hyperlink Updated,"https://docs.google.com/spreadsheets/d/1HIpS0gbQo8q1Pwo9oQgRFUqCNdud_RXS3w815jX6zc4/edit#gid=396215481&range=D4596"
2023-01-30 16:21,CSM,2216,LOT,2216-T078,Hyperlink Updated,"https://docs.google.com/spreadsheets/d/1HIpS0gbQo8q1Pwo9oQgRFUqCNdud_RXS3w815jX6zc4/edit#gid=396215481&range=D4598"
2023-01-30 16:21,CSM,2216,LOT,2216-T079,Hyperlink Updated,"https://docs.google.com/spreadsheets/d/1HIpS0gbQo8q1Pwo9oQgRFUqCNdud_RXS3w815jX6zc4/edit#gid=396215481&range=D4602"
2023-01-30 16:21,CSM,2216,LOT,2216-T080,Hyperlink Updated,"https://docs.google.com/spreadsheets/d/1HIpS0gbQo8q1Pwo9oQgRFUqCNdud_RXS3w815jX6zc4/edit#gid=396215481&range=D4603"
2023-01-30 16:21,CSM,2216,LOT,2216-T092,Hyperlink Updated,"https://docs.google.com/spreadsheets/d/1HIpS0gbQo8q1Pwo9oQgRFUqCNdud_RXS3w815jX6zc4/edit#gid=396215481&range=D4633"
2023-01-30 16:21,CSM,2216,LOT,2216-T091,Hyperlink Updated,"https://docs.google.com/spreadsheets/d/1HIpS0gbQo8q1Pwo9oQgRFUqCNdud_RXS3w815jX6zc4/edit#gid=396215481&range=D4633"
2023-01-30 16:21,CSM,2216,LOT,2216-T093,Hyperlink Updated,"https://docs.google.com/spreadsheets/d/1HIpS0gbQo8q1Pwo9oQgRFUqCNdud_RXS3w815jX6zc4/edit#gid=396215481&range=D4636"
2023-01-30 16:22,CSM,2216,LOT,2216-T081,Hyperlink Updated,"https://docs.google.com/spreadsheets/d/1HIpS0gbQo8q1Pwo9oQgRFUqCNdud_RXS3w815jX6zc4/edit#gid=396215481&range=D4607"
2023-01-30 16:22,CSM,2129,LOT,2129-T053,Hyperlink Updated,"https://docs.google.com/spreadsheets/d/1HIpS0gbQo8q1Pwo9oQgRFUqCNdud_RXS3w815jX6zc4/edit#gid=396215481&range=D4019"
2023-01-30 16:22,CSM,2216,LOT,2216-T082,Hyperlink Updated,"https://docs.google.com/spreadsheets/d/1HIpS0gbQo8q1Pwo9oQgRFUqCNdud_RXS3w815jX6zc4/edit#gid=396215481&range=D4608"
2023-01-30 16:22,CSM,2129,LOT,2129-T051,Hyperlink Updated,"https://docs.google.com/spreadsheets/d/1HIpS0gbQo8q1Pwo9oQgRFUqCNdud_RXS3w815jX6zc4/edit#gid=396215481&range=D4019"
2023-01-30 16:22,CSM,2129,LOT,2129-T057,Hyperlink Updated,"https://docs.google.com/spreadsheets/d/1HIpS0gbQo8q1Pwo9oQgRFUqCNdud_RXS3w815jX6zc4/edit#gid=396215481&range=D4019"
2023-01-30 16:22,CSM,2129,LOT,2129-T055,Hyperlink Updated,"https://docs.google.com/spreadsheets/d/1HIpS0gbQo8q1Pwo9oQgRFUqCNdud_RXS3w815jX6zc4/edit#gid=396215481&range=D4019"
2023-01-30 16:22,CSM,2129,LOT,2129-T058,Hyperlink Updated,"https://docs.google.com/spreadsheets/d/1HIpS0gbQo8q1Pwo9oQgRFUqCNdud_RXS3w815jX6zc4/edit#gid=396215481&range=D4019"
2023-01-30 16:22,CSM,2216,LOT,2216-T094,Hyperlink Updated,"https://docs.google.com/spreadsheets/d/1HIpS0gbQo8q1Pwo9oQgRFUqCNdud_RXS3w815jX6zc4/edit#gid=396215481&range=D4635"
2023-01-30 16:22,CSM,2129,LOT,2129-T056,Hyperlink Updated,"https://docs.google.com/spreadsheets/d/1HIpS0gbQo8q1Pwo9oQgRFUqCNdud_RXS3w815jX6zc4/edit#gid=396215481&range=D4019"
2023-01-30 16:22,CSM,2129,LOT,2129-T054,Hyperlink Updated,"https://docs.google.com/spreadsheets/d/1HIpS0gbQo8q1Pwo9oQgRFUqCNdud_RXS3w815jX6zc4/edit#gid=396215481&range=D4019"
2023-01-30 16:22,CSM,2216,LOT,2216-T103,Hyperlink Updated,"https://docs.google.com/spreadsheets/d/1HIpS0gbQo8q1Pwo9oQgRFUqCNdud_RXS3w815jX6zc4/edit#gid=396215481&range=D4639"
2023-01-30 16:22,CSM,2216,LOT,2216-T104,Hyperlink Updated,"https://docs.google.com/spreadsheets/d/1HIpS0gbQo8q1Pwo9oQgRFUqCNdud_RXS3w815jX6zc4/edit#gid=396215481&range=D4639"
2023-01-30 16:22,CSM,2129,LOT,2129-T060,Hyperlink Updated,"https://docs.google.com/spreadsheets/d/1HIpS0gbQo8q1Pwo9oQgRFUqCNdud_RXS3w815jX6zc4/edit#gid=396215481&range=D4020"
2023-01-30 16:22,CSM,2129,LOT,2129-T081,Hyperlink Updated,"https://docs.google.com/spreadsheets/d/1HIpS0gbQo8q1Pwo9oQgRFUqCNdud_RXS3w815jX6zc4/edit#gid=396215481&range=D4020"
2023-01-30 16:22,CSM,2129,LOT,2129-T059,Hyperlink Updated,"https://docs.google.com/spreadsheets/d/1HIpS0gbQo8q1Pwo9oQgRFUqCNdud_RXS3w815jX6zc4/edit#gid=396215481&range=D4020"
2023-01-30 16:22,CSM,2129,LOT,2129-T063,Hyperlink Updated,"https://docs.google.com/spreadsheets/d/1HIpS0gbQo8q1Pwo9oQgRFUqCNdud_RXS3w815jX6zc4/edit#gid=396215481&range=D4020"
2023-01-30 16:22,CSM,2216,LOT,2216-T096,Hyperlink Updated,"https://docs.google.com/spreadsheets/d/1HIpS0gbQo8q1Pwo9oQgRFUqCNdud_RXS3w815jX6zc4/edit#gid=396215481&range=D4638"
2023-01-30 16:22,CSM,2216,LOT,2216-T107,Hyperlink Updated,"https://docs.google.com/spreadsheets/d/1HIpS0gbQo8q1Pwo9oQgRFUqCNdud_RXS3w815jX6zc4/edit#gid=396215481&range=D4648"
2023-01-30 16:22,CSM,2216,LOT,2216-T106,Hyperlink Updated,"https://docs.google.com/spreadsheets/d/1HIpS0gbQo8q1Pwo9oQgRFUqCNdud_RXS3w815jX6zc4/edit#gid=396215481&range=D4648"
2023-01-30 16:22,CSM,2216,LOT,2216-T098,Hyperlink Updated,"https://docs.google.com/spreadsheets/d/1HIpS0gbQo8q1Pwo9oQgRFUqCNdud_RXS3w815jX6zc4/edit#gid=396215481&range=D4646"
2023-01-30 16:22,CSM,2129,LOT,2129-T062,Hyperlink Updated,"https://docs.google.com/spreadsheets/d/1HIpS0gbQo8q1Pwo9oQgRFUqCNdud_RXS3w815jX6zc4/edit#gid=396215481&range=D4021"
2023-01-30 16:22,CSM,2129,LOT,2129-T061,Hyperlink Updated,"https://docs.google.com/spreadsheets/d/1HIpS0gbQo8q1Pwo9oQgRFUqCNdud_RXS3w815jX6zc4/edit#gid=396215481&range=D4021"
2023-01-30 16:22,CSM,2216,LOT,2216-T105,Hyperlink Updated,"https://docs.google.com/spreadsheets/d/1HIpS0gbQo8q1Pwo9oQgRFUqCNdud_RXS3w815jX6zc4/edit#gid=396215481&range=D4641"
2023-01-30 16:22,CSM,2216,LOT,2216-T118,Hyperlink Updated,"https://docs.google.com/spreadsheets/d/1HIpS0gbQo8q1Pwo9oQgRFUqCNdud_RXS3w815jX6zc4/edit#gid=396215481&range=D4667"
2023-01-30 16:22,CSM,2216,LOT,2216-T124,Hyperlink Updated,"https://docs.google.com/spreadsheets/d/1HIpS0gbQo8q1Pwo9oQgRFUqCNdud_RXS3w815jX6zc4/edit#gid=396215481&range=D4651"
2023-01-30 16:22,CSM,2216,LOT,2216-T125,Hyperlink Updated,"https://docs.google.com/spreadsheets/d/1HIpS0gbQo8q1Pwo9oQgRFUqCNdud_RXS3w815jX6zc4/edit#gid=396215481&range=D4652"
2023-01-30 16:22,CSM,2216,LOT,2216-T127,Hyperlink Updated,"https://docs.google.com/spreadsheets/d/1HIpS0gbQo8q1Pwo9oQgRFUqCNdud_RXS3w815jX6zc4/edit#gid=396215481&range=D4654"
2023-01-30 16:22,CSM,2216,LOT,2216-T114,Hyperlink Updated,"https://docs.google.com/spreadsheets/d/1HIpS0gbQo8q1Pwo9oQgRFUqCNdud_RXS3w815jX6zc4/edit#gid=396215481&range=D4659"
2023-01-30 16:22,CSM,2216,LOT,2216-T129,Hyperlink Updated,"https://docs.google.com/spreadsheets/d/1HIpS0gbQo8q1Pwo9oQgRFUqCNdud_RXS3w815jX6zc4/edit#gid=396215481&range=D4656"
2023-01-30 16:22,CSM,2216,LOT,2216-T130,Hyperlink Updated,"https://docs.google.com/spreadsheets/d/1HIpS0gbQo8q1Pwo9oQgRFUqCNdud_RXS3w815jX6zc4/edit#gid=396215481&range=D4656"
2023-01-30 16:22,CSM,2216,LOT,2216-T126,Hyperlink Updated,"https://docs.google.com/spreadsheets/d/1HIpS0gbQo8q1Pwo9oQgRFUqCNdud_RXS3w815jX6zc4/edit#gid=396215481&range=D4653"
2023-01-30 16:22,CSM,2129,LOT,2129-T091,Hyperlink Updated,"https://docs.google.com/spreadsheets/d/1HIpS0gbQo8q1Pwo9oQgRFUqCNdud_RXS3w815jX6zc4/edit#gid=396215481&range=D4025"
2023-01-30 16:22,CSM,2129,LOT,2129-T088,Hyperlink Updated,"https://docs.google.com/spreadsheets/d/1HIpS0gbQo8q1Pwo9oQgRFUqCNdud_RXS3w815jX6zc4/edit#gid=396215481&range=D4025"
2023-01-30 16:22,CSM,2129,LOT,2129-T090,Hyperlink Updated,"https://docs.google.com/spreadsheets/d/1HIpS0gbQo8q1Pwo9oQgRFUqCNdud_RXS3w815jX6zc4/edit#gid=396215481&range=D4025"
2023-01-30 16:22,CSM,2129,LOT,2129-T089,Hyperlink Updated,"https://docs.google.com/spreadsheets/d/1HIpS0gbQo8q1Pwo9oQgRFUqCNdud_RXS3w815jX6zc4/edit#gid=396215481&range=D4025"
2023-01-30 16:22,CSM,2129,LOT,2129-T092,Hyperlink Updated,"https://docs.google.com/spreadsheets/d/1HIpS0gbQo8q1Pwo9oQgRFUqCNdud_RXS3w815jX6zc4/edit#gid=396215481&range=D4025"
2023-01-30 16:22,CSM,2129,LOT,2129-T093,Hyperlink Updated,"https://docs.google.com/spreadsheets/d/1HIpS0gbQo8q1Pwo9oQgRFUqCNdud_RXS3w815jX6zc4/edit#gid=396215481&range=D4025"
2023-01-30 16:22,CSM,2216,LOT,2216-T131,Hyperlink Updated,"https://docs.google.com/spreadsheets/d/1HIpS0gbQo8q1Pwo9oQgRFUqCNdud_RXS3w815jX6zc4/edit#gid=396215481&range=D4663"
2023-01-30 16:22,CSM,2129,LOT,2129-T086,Hyperlink Updated,"https://docs.google.com/spreadsheets/d/1HIpS0gbQo8q1Pwo9oQgRFUqCNdud_RXS3w815jX6zc4/edit#gid=396215481&range=D4025"
2023-01-30 16:22,CSM,2216,LOT,2216-T115,Hyperlink Updated,"https://docs.google.com/spreadsheets/d/1HIpS0gbQo8q1Pwo9oQgRFUqCNdud_RXS3w815jX6zc4/edit#gid=396215481&range=D4660"
2023-01-30 16:22,CSM,2216,LOT,2216-T122,Hyperlink Updated,"https://docs.google.com/spreadsheets/d/1HIpS0gbQo8q1Pwo9oQgRFUqCNdud_RXS3w815jX6zc4/edit#gid=396215481&range=D4674"
2023-01-30 16:23,CSM,2216,LOT,2216-T132,Hyperlink Updated,"https://docs.google.com/spreadsheets/d/1HIpS0gbQo8q1Pwo9oQgRFUqCNdud_RXS3w815jX6zc4/edit#gid=396215481&range=D4664"
2023-01-30 16:23,CSM,2216,LOT,2216-T123,Hyperlink Updated,"https://docs.google.com/spreadsheets/d/1HIpS0gbQo8q1Pwo9oQgRFUqCNdud_RXS3w815jX6zc4/edit#gid=396215481&range=D4677"
2023-01-30 16:23,CSM,2129,LOT,2129-T082,Hyperlink Updated,"https://docs.google.com/spreadsheets/d/1HIpS0gbQo8q1Pwo9oQgRFUqCNdud_RXS3w815jX6zc4/edit#gid=396215481&range=D4024"
2023-01-30 16:23,CSM,2129,LOT,2129-T085,Hyperlink Updated,"https://docs.google.com/spreadsheets/d/1HIpS0gbQo8q1Pwo9oQgRFUqCNdud_RXS3w815jX6zc4/edit#gid=396215481&range=D4024"
2023-01-30 16:23,CSM,2129,LOT,2129-T084,Hyperlink Updated,"https://docs.google.com/spreadsheets/d/1HIpS0gbQo8q1Pwo9oQgRFUqCNdud_RXS3w815jX6zc4/edit#gid=396215481&range=D4024"
2023-01-30 16:23,CSM,2129,LOT,2129-T083,Hyperlink Updated,"https://docs.google.com/spreadsheets/d/1HIpS0gbQo8q1Pwo9oQgRFUqCNdud_RXS3w815jX6zc4/edit#gid=396215481&range=D4024"
2023-01-30 16:23,CSM,2129,LOT,2129-T095,Hyperlink Updated,"https://docs.google.com/spreadsheets/d/1HIpS0gbQo8q1Pwo9oQgRFUqCNdud_RXS3w815jX6zc4/edit#gid=396215481&range=D4031"
2023-01-30 16:23,CSM,2129,LOT,2129-T096,Hyperlink Updated,"https://docs.google.com/spreadsheets/d/1HIpS0gbQo8q1Pwo9oQgRFUqCNdud_RXS3w815jX6zc4/edit#gid=396215481&range=D4031"
2023-01-30 16:23,CSM,2129,LOT,2129-T097,Hyperlink Updated,"https://docs.google.com/spreadsheets/d/1HIpS0gbQo8q1Pwo9oQgRFUqCNdud_RXS3w815jX6zc4/edit#gid=396215481&range=D4031"
2023-01-30 16:23,CSM,2129,LOT,2129-T094,Hyperlink Updated,"https://docs.google.com/spreadsheets/d/1HIpS0gbQo8q1Pwo9oQgRFUqCNdud_RXS3w815jX6zc4/edit#gid=396215481&range=D4031"
2023-01-30 16:23,CSM,2142,LOT,2142-T033,Hyperlink Updated,"https://docs.google.com/spreadsheets/d/1HIpS0gbQo8q1Pwo9oQgRFUqCNdud_RXS3w815jX6zc4/edit#gid=396215481&range=D4218"
2023-01-30 16:23,CSM,2142,LOT,2142-T034,Hyperlink Updated,"https://docs.google.com/spreadsheets/d/1HIpS0gbQo8q1Pwo9oQgRFUqCNdud_RXS3w815jX6zc4/edit#gid=396215481&range=D4218"
2023-01-30 16:23,CSM,2137,LOT,2137-T001,Hyperlink Updated,"https://docs.google.com/spreadsheets/d/1HIpS0gbQo8q1Pwo9oQgRFUqCNdud_RXS3w815jX6zc4/edit#gid=396215481&range=D4096"
2023-01-30 16:23,CSM,2137,LOT,2137-T002,Hyperlink Updated,"https://docs.google.com/spreadsheets/d/1HIpS0gbQo8q1Pwo9oQgRFUqCNdud_RXS3w815jX6zc4/edit#gid=396215481&range=D4096"
2023-01-30 16:23,CSM,2137,LOT,2137-T004,Hyperlink Updated,"https://docs.google.com/spreadsheets/d/1HIpS0gbQo8q1Pwo9oQgRFUqCNdud_RXS3w815jX6zc4/edit#gid=396215481&range=D4098"
2023-01-30 16:23,CSM,2137,LOT,2137-T003,Hyperlink Updated,"https://docs.google.com/spreadsheets/d/1HIpS0gbQo8q1Pwo9oQgRFUqCNdud_RXS3w815jX6zc4/edit#gid=396215481&range=D4097"
2023-01-30 16:23,CSM,2137,LOT,2137-T032,Hyperlink Updated,"https://docs.google.com/spreadsheets/d/1HIpS0gbQo8q1Pwo9oQgRFUqCNdud_RXS3w815jX6zc4/edit#gid=396215481&range=D4096"
2023-01-30 16:23,CSM,2137,LOT,2137-T005,Hyperlink Updated,"https://docs.google.com/spreadsheets/d/1HIpS0gbQo8q1Pwo9oQgRFUqCNdud_RXS3w815jX6zc4/edit#gid=396215481&range=D4100"
2023-01-30 16:23,CSM,2137,LOT,2137-T007,Hyperlink Updated,"https://docs.google.com/spreadsheets/d/1HIpS0gbQo8q1Pwo9oQgRFUqCNdud_RXS3w815jX6zc4/edit#gid=396215481&range=D4102"
2023-01-30 16:23,CSM,2137,LOT,2137-T006,Hyperlink Updated,"https://docs.google.com/spreadsheets/d/1HIpS0gbQo8q1Pwo9oQgRFUqCNdud_RXS3w815jX6zc4/edit#gid=396215481&range=D4101"
2023-01-30 16:23,CSM,2137,LOT,2137-T009,Hyperlink Updated,"https://docs.google.com/spreadsheets/d/1HIpS0gbQo8q1Pwo9oQgRFUqCNdud_RXS3w815jX6zc4/edit#gid=396215481&range=D4104"
2023-01-30 16:23,CSM,2137,LOT,2137-T008,Hyperlink Updated,"https://docs.google.com/spreadsheets/d/1HIpS0gbQo8q1Pwo9oQgRFUqCNdud_RXS3w815jX6zc4/edit#gid=396215481&range=D4103"
2023-01-30 16:23,CSM,2137,LOT,2137-T010,Hyperlink Updated,"https://docs.google.com/spreadsheets/d/1HIpS0gbQo8q1Pwo9oQgRFUqCNdud_RXS3w815jX6zc4/edit#gid=396215481&range=D4106"
2023-01-30 16:23,CSM,2137,LOT,2137-T011,Hyperlink Updated,"https://docs.google.com/spreadsheets/d/1HIpS0gbQo8q1Pwo9oQgRFUqCNdud_RXS3w815jX6zc4/edit#gid=396215481&range=D4106"
2023-01-30 16:23,CSM,2137,LOT,2137-T012,Hyperlink Updated,"https://docs.google.com/spreadsheets/d/1HIpS0gbQo8q1Pwo9oQgRFUqCNdud_RXS3w815jX6zc4/edit#gid=396215481&range=D4108"
2023-01-30 16:23,CSM,2137,LOT,2137-T013,Hyperlink Updated,"https://docs.google.com/spreadsheets/d/1HIpS0gbQo8q1Pwo9oQgRFUqCNdud_RXS3w815jX6zc4/edit#gid=396215481&range=D4109"
2023-01-30 16:23,CSM,2137,LOT,2137-T015,Hyperlink Updated,"https://docs.google.com/spreadsheets/d/1HIpS0gbQo8q1Pwo9oQgRFUqCNdud_RXS3w815jX6zc4/edit#gid=396215481&range=D4110"
2023-01-30 16:23,CSM,2137,LOT,2137-T014,Hyperlink Updated,"https://docs.google.com/spreadsheets/d/1HIpS0gbQo8q1Pwo9oQgRFUqCNdud_RXS3w815jX6zc4/edit#gid=396215481&range=D4110"
2023-01-30 16:23,CSM,2137,LOT,2137-T017,Hyperlink Updated,"https://docs.google.com/spreadsheets/d/1HIpS0gbQo8q1Pwo9oQgRFUqCNdud_RXS3w815jX6zc4/edit#gid=396215481&range=D4113"
2023-01-30 16:23,CSM,2137,LOT,2137-T016,Hyperlink Updated,"https://docs.google.com/spreadsheets/d/1HIpS0gbQo8q1Pwo9oQgRFUqCNdud_RXS3w815jX6zc4/edit#gid=396215481&range=D4112"
2023-01-30 16:23,CSM,2137,LOT,2137-T020,Hyperlink Updated,"https://docs.google.com/spreadsheets/d/1HIpS0gbQo8q1Pwo9oQgRFUqCNdud_RXS3w815jX6zc4/edit#gid=396215481&range=D4118"
2023-01-30 16:23,CSM,2129,LOT,2129-T041,Hyperlink Updated,"https://docs.google.com/spreadsheets/d/1HIpS0gbQo8q1Pwo9oQgRFUqCNdud_RXS3w815jX6zc4/edit#gid=396215481&range=D4017"
2023-01-30 16:23,CSM,2137,LOT,2137-T021,Hyperlink Updated,"https://docs.google.com/spreadsheets/d/1HIpS0gbQo8q1Pwo9oQgRFUqCNdud_RXS3w815jX6zc4/edit#gid=396215481&range=D4119"
2023-01-30 16:23,CSM,2129,LOT,2129-T042,Hyperlink Updated,"https://docs.google.com/spreadsheets/d/1HIpS0gbQo8q1Pwo9oQgRFUqCNdud_RXS3w815jX6zc4/edit#gid=396215481&range=D4018"
2023-01-30 16:23,CSM,2137,LOT,2137-T023,Hyperlink Updated,"https://docs.google.com/spreadsheets/d/1HIpS0gbQo8q1Pwo9oQgRFUqCNdud_RXS3w815jX6zc4/edit#gid=396215481&range=D4121"
2023-01-30 16:23,CSM,2137,LOT,2137-T025,Hyperlink Updated,"https://docs.google.com/spreadsheets/d/1HIpS0gbQo8q1Pwo9oQgRFUqCNdud_RXS3w815jX6zc4/edit#gid=396215481&range=D4124"
2023-01-30 16:23,CSM,2137,LOT,2137-T024,Hyperlink Updated,"https://docs.google.com/spreadsheets/d/1HIpS0gbQo8q1Pwo9oQgRFUqCNdud_RXS3w815jX6zc4/edit#gid=396215481&range=D4122"
2023-01-30 16:23,CSM,2137,LOT,2137-T027,Hyperlink Updated,"https://docs.google.com/spreadsheets/d/1HIpS0gbQo8q1Pwo9oQgRFUqCNdud_RXS3w815jX6zc4/edit#gid=396215481&range=D4127"
2023-01-30 16:23,CSM,2137,LOT,2137-T028,Hyperlink Updated,"https://docs.google.com/spreadsheets/d/1HIpS0gbQo8q1Pwo9oQgRFUqCNdud_RXS3w815jX6zc4/edit#gid=396215481&range=D4129"
2023-01-30 16:24,FED,2215,LOT,2215-T001,Hyperlink Updated,"https://docs.google.com/spreadsheets/d/1HIpS0gbQo8q1Pwo9oQgRFUqCNdud_RXS3w815jX6zc4/edit#gid=396215481&range=D4558"
2023-01-30 16:24,FED,2215,LOT,2215-T002,Hyperlink Updated,"https://docs.google.com/spreadsheets/d/1HIpS0gbQo8q1Pwo9oQgRFUqCNdud_RXS3w815jX6zc4/edit#gid=396215481&range=D4558"
2023-01-30 16:24,FED,2215,LOT,2215-T003,Hyperlink Updated,"https://docs.google.com/spreadsheets/d/1HIpS0gbQo8q1Pwo9oQgRFUqCNdud_RXS3w815jX6zc4/edit#gid=396215481&range=D4558"
2023-01-30 16:24,FED,2216,LOT,2216-T012,Hyperlink Updated,"https://docs.google.com/spreadsheets/d/1HIpS0gbQo8q1Pwo9oQgRFUqCNdud_RXS3w815jX6zc4/edit#gid=396215481&range=D4701"
2023-01-30 16:24,FED,2215,LOT,2215-T004,Hyperlink Updated,"https://docs.google.com/spreadsheets/d/1HIpS0gbQo8q1Pwo9oQgRFUqCNdud_RXS3w815jX6zc4/edit#gid=396215481&range=D4558"
2023-01-30 16:24,FED,2216,LOT,2216-T069,Hyperlink Updated,"https://docs.google.com/spreadsheets/d/1HIpS0gbQo8q1Pwo9oQgRFUqCNdud_RXS3w815jX6zc4/edit#gid=396215481&range=D4727"
2023-01-30 16:24,FED,2215,LOT,2215-T005,Hyperlink Updated,"https://docs.google.com/spreadsheets/d/1HIpS0gbQo8q1Pwo9oQgRFUqCNdud_RXS3w815jX6zc4/edit#gid=396215481&range=D4559"
2023-01-30 16:24,FED,2216,LOT,2216-T022,Hyperlink Updated,"https://docs.google.com/spreadsheets/d/1HIpS0gbQo8q1Pwo9oQgRFUqCNdud_RXS3w815jX6zc4/edit#gid=396215481&range=D4703"
2023-01-30 16:24,FED,2216,LOT,2216-T083,Hyperlink Updated,"https://docs.google.com/spreadsheets/d/1HIpS0gbQo8q1Pwo9oQgRFUqCNdud_RXS3w815jX6zc4/edit#gid=396215481&range=D4706"
2023-01-30 16:24,FED,2215,LOT,2215-T009,Hyperlink Updated,"https://docs.google.com/spreadsheets/d/1HIpS0gbQo8q1Pwo9oQgRFUqCNdud_RXS3w815jX6zc4/edit#gid=396215481&range=D4560"
2023-01-30 16:24,FED,2216,LOT,2216-T084,Hyperlink Updated,"https://docs.google.com/spreadsheets/d/1HIpS0gbQo8q1Pwo9oQgRFUqCNdud_RXS3w815jX6zc4/edit#gid=396215481&range=D4707"
2023-01-30 16:24,FED,2215,LOT,2215-T010,Hyperlink Updated,"https://docs.google.com/spreadsheets/d/1HIpS0gbQo8q1Pwo9oQgRFUqCNdud_RXS3w815jX6zc4/edit#gid=396215481&range=D4560"
2023-01-30 16:24,FED,2215,LOT,2215-T008,Hyperlink Updated,"https://docs.google.com/spreadsheets/d/1HIpS0gbQo8q1Pwo9oQgRFUqCNdud_RXS3w815jX6zc4/edit#gid=396215481&range=D4560"
2023-01-30 16:24,FED,2215,LOT,2215-T007,Hyperlink Updated,"https://docs.google.com/spreadsheets/d/1HIpS0gbQo8q1Pwo9oQgRFUqCNdud_RXS3w815jX6zc4/edit#gid=396215481&range=D4560"
2023-01-30 16:24,FED,2215,LOT,2215-T006,Hyperlink Updated,"https://docs.google.com/spreadsheets/d/1HIpS0gbQo8q1Pwo9oQgRFUqCNdud_RXS3w815jX6zc4/edit#gid=396215481&range=D4560"
2023-01-30 16:24,FED,2201,LOT,2201-T017,Hyperlink Updated,"https://docs.google.com/spreadsheets/d/1HIpS0gbQo8q1Pwo9oQgRFUqCNdud_RXS3w815jX6zc4/edit#gid=396215481&range=D4308"
2023-01-30 16:24,FED,2201,LOT,2201-T016,Hyperlink Updated,"https://docs.google.com/spreadsheets/d/1HIpS0gbQo8q1Pwo9oQgRFUqCNdud_RXS3w815jX6zc4/edit#gid=396215481&range=D4308"
2023-01-30 16:24,FED,2201,LOT,2201-T019,Hyperlink Updated,"https://docs.google.com/spreadsheets/d/1HIpS0gbQo8q1Pwo9oQgRFUqCNdud_RXS3w815jX6zc4/edit#gid=396215481&range=D4308"
2023-01-30 16:24,FED,2201,LOT,2201-T018,Hyperlink Updated,"https://docs.google.com/spreadsheets/d/1HIpS0gbQo8q1Pwo9oQgRFUqCNdud_RXS3w815jX6zc4/edit#gid=396215481&range=D4308"
2023-01-30 16:24,FED,2138,LOT,2138-T003,Hyperlink Updated,"https://docs.google.com/spreadsheets/d/1HIpS0gbQo8q1Pwo9oQgRFUqCNdud_RXS3w815jX6zc4/edit#gid=396215481&range=D4142"
2023-01-30 16:24,FED,2138,LOT,2138-T002,Hyperlink Updated,"https://docs.google.com/spreadsheets/d/1HIpS0gbQo8q1Pwo9oQgRFUqCNdud_RXS3w815jX6zc4/edit#gid=396215481&range=D4142"
2023-01-30 16:24,FED,2138,LOT,2138-T004,Hyperlink Updated,"https://docs.google.com/spreadsheets/d/1HIpS0gbQo8q1Pwo9oQgRFUqCNdud_RXS3w815jX6zc4/edit#gid=396215481&range=D4142"
2023-01-30 16:24,FED,2215,LOT,2215-T012,Hyperlink Updated,"https://docs.google.com/spreadsheets/d/1HIpS0gbQo8q1Pwo9oQgRFUqCNdud_RXS3w815jX6zc4/edit#gid=396215481&range=D4561"
2023-01-30 16:24,FED,2215,LOT,2215-T011,Hyperlink Updated,"https://docs.google.com/spreadsheets/d/1HIpS0gbQo8q1Pwo9oQgRFUqCNdud_RXS3w815jX6zc4/edit#gid=396215481&range=D4561"
2023-01-30 16:24,FED,2216,LOT,2216-T100,Hyperlink Updated,"https://docs.google.com/spreadsheets/d/1HIpS0gbQo8q1Pwo9oQgRFUqCNdud_RXS3w815jX6zc4/edit#gid=396215481&range=D4745"
2023-01-30 16:24,FED,2216,LOT,2216-T085,Hyperlink Updated,"https://docs.google.com/spreadsheets/d/1HIpS0gbQo8q1Pwo9oQgRFUqCNdud_RXS3w815jX6zc4/edit#gid=396215481&range=D4714"
2023-01-30 16:24,FED,2201,LOT,2201-T021,Hyperlink Updated,"https://docs.google.com/spreadsheets/d/1HIpS0gbQo8q1Pwo9oQgRFUqCNdud_RXS3w815jX6zc4/edit#gid=396215481&range=D4309"
2023-01-30 16:24,FED,2216,LOT,2216-T086,Hyperlink Updated,"https://docs.google.com/spreadsheets/d/1HIpS0gbQo8q1Pwo9oQgRFUqCNdud_RXS3w815jX6zc4/edit#gid=396215481&range=D4718"
2023-01-30 16:25,FED,2216,LOT,2216-T101,Hyperlink Updated,"https://docs.google.com/spreadsheets/d/1HIpS0gbQo8q1Pwo9oQgRFUqCNdud_RXS3w815jX6zc4/edit#gid=396215481&range=D4746"
2023-01-30 16:25,FED,2201,LOT,2201-T020,Hyperlink Updated,"https://docs.google.com/spreadsheets/d/1HIpS0gbQo8q1Pwo9oQgRFUqCNdud_RXS3w815jX6zc4/edit#gid=396215481&range=D4309"
2023-01-30 16:25,FED,2216,LOT,2216-T108,Hyperlink Updated,"https://docs.google.com/spreadsheets/d/1HIpS0gbQo8q1Pwo9oQgRFUqCNdud_RXS3w815jX6zc4/edit#gid=396215481&range=D4750"
2023-01-30 16:25,FED,2201,LOT,2201-T022,Hyperlink Updated,"https://docs.google.com/spreadsheets/d/1HIpS0gbQo8q1Pwo9oQgRFUqCNdud_RXS3w815jX6zc4/edit#gid=396215481&range=D4310"
2023-01-30 16:25,FED,2215,LOT,2215-T016,Hyperlink Updated,"https://docs.google.com/spreadsheets/d/1HIpS0gbQo8q1Pwo9oQgRFUqCNdud_RXS3w815jX6zc4/edit#gid=396215481&range=D4562"
2023-01-30 16:25,FED,2215,LOT,2215-T017,Hyperlink Updated,"https://docs.google.com/spreadsheets/d/1HIpS0gbQo8q1Pwo9oQgRFUqCNdud_RXS3w815jX6zc4/edit#gid=396215481&range=D4562"
2023-01-30 16:25,FED,2201,LOT,2201-T023,Hyperlink Updated,"https://docs.google.com/spreadsheets/d/1HIpS0gbQo8q1Pwo9oQgRFUqCNdud_RXS3w815jX6zc4/edit#gid=396215481&range=D4310"
2023-01-30 16:25,FED,2216,LOT,2216-T102,Hyperlink Updated,"https://docs.google.com/spreadsheets/d/1HIpS0gbQo8q1Pwo9oQgRFUqCNdud_RXS3w815jX6zc4/edit#gid=396215481&range=D4756"
2023-01-30 16:25,FED,2216,LOT,2216-T111,Hyperlink Updated,"https://docs.google.com/spreadsheets/d/1HIpS0gbQo8q1Pwo9oQgRFUqCNdud_RXS3w815jX6zc4/edit#gid=396215481&range=D4759"
2023-01-30 16:25,FED,2201,LOT,2201-T026,Hyperlink Updated,"https://docs.google.com/spreadsheets/d/1HIpS0gbQo8q1Pwo9oQgRFUqCNdud_RXS3w815jX6zc4/edit#gid=396215481&range=D4311"
2023-01-30 16:25,FED,2201,LOT,2201-T025,Hyperlink Updated,"https://docs.google.com/spreadsheets/d/1HIpS0gbQo8q1Pwo9oQgRFUqCNdud_RXS3w815jX6zc4/edit#gid=396215481&range=D4311"
2023-01-30 16:25,FED,2201,LOT,2201-T029,Hyperlink Updated,"https://docs.google.com/spreadsheets/d/1HIpS0gbQo8q1Pwo9oQgRFUqCNdud_RXS3w815jX6zc4/edit#gid=396215481&range=D4311"
2023-01-30 16:25,FED,2201,LOT,2201-T028,Hyperlink Updated,"https://docs.google.com/spreadsheets/d/1HIpS0gbQo8q1Pwo9oQgRFUqCNdud_RXS3w815jX6zc4/edit#gid=396215481&range=D4311"
2023-01-30 16:25,FED,2201,LOT,2201-T024,Hyperlink Updated,"https://docs.google.com/spreadsheets/d/1HIpS0gbQo8q1Pwo9oQgRFUqCNdud_RXS3w815jX6zc4/edit#gid=396215481&range=D4311"
2023-01-30 16:25,FED,2201,LOT,2201-T033,Hyperlink Updated,"https://docs.google.com/spreadsheets/d/1HIpS0gbQo8q1Pwo9oQgRFUqCNdud_RXS3w815jX6zc4/edit#gid=396215481&range=D4312"
2023-01-30 16:25,FED,2201,LOT,2201-T031,Hyperlink Updated,"https://docs.google.com/spreadsheets/d/1HIpS0gbQo8q1Pwo9oQgRFUqCNdud_RXS3w815jX6zc4/edit#gid=396215481&range=D4312"
2023-01-30 16:25,FED,2201,LOT,2201-T030,Hyperlink Updated,"https://docs.google.com/spreadsheets/d/1HIpS0gbQo8q1Pwo9oQgRFUqCNdud_RXS3w815jX6zc4/edit#gid=396215481&range=D4312"
2023-01-30 16:25,FED,2201,LOT,2201-T032,Hyperlink Updated,"https://docs.google.com/spreadsheets/d/1HIpS0gbQo8q1Pwo9oQgRFUqCNdud_RXS3w815jX6zc4/edit#gid=396215481&range=D4312"
2023-01-30 16:25,FED,2216,LOT,2216-T133,Hyperlink Updated,"https://docs.google.com/spreadsheets/d/1HIpS0gbQo8q1Pwo9oQgRFUqCNdud_RXS3w815jX6zc4/edit#gid=396215481&range=D4762"
2023-01-30 16:25,FED,2201,LOT,2201-T034,Hyperlink Updated,"https://docs.google.com/spreadsheets/d/1HIpS0gbQo8q1Pwo9oQgRFUqCNdud_RXS3w815jX6zc4/edit#gid=396215481&range=D4313"
2023-01-30 16:25,FED,2139,LOT,2139-T007,Hyperlink Updated,"https://docs.google.com/spreadsheets/d/1HIpS0gbQo8q1Pwo9oQgRFUqCNdud_RXS3w815jX6zc4/edit#gid=396215481&range=D4150"
2023-01-30 16:25,FED,2139,LOT,2139-T006,Hyperlink Updated,"https://docs.google.com/spreadsheets/d/1HIpS0gbQo8q1Pwo9oQgRFUqCNdud_RXS3w815jX6zc4/edit#gid=396215481&range=D4150"
2023-01-30 16:25,FED,2139,LOT,2139-T008,Hyperlink Updated,"https://docs.google.com/spreadsheets/d/1HIpS0gbQo8q1Pwo9oQgRFUqCNdud_RXS3w815jX6zc4/edit#gid=396215481&range=D4151"
2023-01-30 16:25,FED,2201,LOT,2201-T037,Hyperlink Updated,"https://docs.google.com/spreadsheets/d/1HIpS0gbQo8q1Pwo9oQgRFUqCNdud_RXS3w815jX6zc4/edit#gid=396215481&range=D4314"
2023-01-30 16:25,FED,2139,LOT,2139-T010,Hyperlink Updated,"https://docs.google.com/spreadsheets/d/1HIpS0gbQo8q1Pwo9oQgRFUqCNdud_RXS3w815jX6zc4/edit#gid=396215481&range=D4152"
2023-01-30 16:25,FED,2139,LOT,2139-T009,Hyperlink Updated,"https://docs.google.com/spreadsheets/d/1HIpS0gbQo8q1Pwo9oQgRFUqCNdud_RXS3w815jX6zc4/edit#gid=396215481&range=D4152"
2023-01-30 16:25,FED,2216,LOT,2216-T135,Hyperlink Updated,"https://docs.google.com/spreadsheets/d/1HIpS0gbQo8q1Pwo9oQgRFUqCNdud_RXS3w815jX6zc4/edit#gid=396215481&range=D4767"
2023-01-30 16:25,FED,2216,LOT,2216-T134,Hyperlink Updated,"https://docs.google.com/spreadsheets/d/1HIpS0gbQo8q1Pwo9oQgRFUqCNdud_RXS3w815jX6zc4/edit#gid=396215481&range=D4764"
2023-01-30 16:25,CSF,2125,LOT,2125-T154,Hyperlink Updated,"https://docs.google.com/spreadsheets/d/1HIpS0gbQo8q1Pwo9oQgRFUqCNdud_RXS3w815jX6zc4/edit#gid=396215481&range=D3404"
2023-01-30 16:25,CSF,2125,LOT,2125-T158,Hyperlink Updated,"https://docs.google.com/spreadsheets/d/1HIpS0gbQo8q1Pwo9oQgRFUqCNdud_RXS3w815jX6zc4/edit#gid=396215481&range=D3404"
2023-01-30 16:25,CSF,2125,LOT,2125-T142,Hyperlink Updated,"https://docs.google.com/spreadsheets/d/1HIpS0gbQo8q1Pwo9oQgRFUqCNdud_RXS3w815jX6zc4/edit#gid=396215481&range=D3405"
2023-01-30 16:25,CSF,2125,LOT,2125-T155,Hyperlink Updated,"https://docs.google.com/spreadsheets/d/1HIpS0gbQo8q1Pwo9oQgRFUqCNdud_RXS3w815jX6zc4/edit#gid=396215481&range=D3406"
2023-01-30 16:25,CSF,2125,LOT,2125-T156,Hyperlink Updated,"https://docs.google.com/spreadsheets/d/1HIpS0gbQo8q1Pwo9oQgRFUqCNdud_RXS3w815jX6zc4/edit#gid=396215481&range=D3406"
2023-01-30 16:25,CSF,2125,LOT,2125-T060,Hyperlink Updated,"https://docs.google.com/spreadsheets/d/1HIpS0gbQo8q1Pwo9oQgRFUqCNdud_RXS3w815jX6zc4/edit#gid=396215481&range=D3350"
2023-01-30 16:25,CSF,2125,LOT,2125-T070,Hyperlink Updated,"https://docs.google.com/spreadsheets/d/1HIpS0gbQo8q1Pwo9oQgRFUqCNdud_RXS3w815jX6zc4/edit#gid=396215481&range=D3350"
2023-01-30 16:25,CSF,2125,LOT,2125-T159,Hyperlink Updated,"https://docs.google.com/spreadsheets/d/1HIpS0gbQo8q1Pwo9oQgRFUqCNdud_RXS3w815jX6zc4/edit#gid=396215481&range=D3406"
2023-01-30 16:26,CSF,2125,LOT,2125-T166,Hyperlink Updated,"https://docs.google.com/spreadsheets/d/1HIpS0gbQo8q1Pwo9oQgRFUqCNdud_RXS3w815jX6zc4/edit#gid=396215481&range=D3407"
2023-01-30 16:26,CSF,2125,LOT,2125-T128,Hyperlink Updated,"https://docs.google.com/spreadsheets/d/1HIpS0gbQo8q1Pwo9oQgRFUqCNdud_RXS3w815jX6zc4/edit#gid=396215481&range=D3407"
2023-01-30 16:26,CSF,2125,LOT,2125-T129,Hyperlink Updated,"https://docs.google.com/spreadsheets/d/1HIpS0gbQo8q1Pwo9oQgRFUqCNdud_RXS3w815jX6zc4/edit#gid=396215481&range=D3407"
2023-01-30 16:26,CSF,2125,LOT,2125-T143,Hyperlink Updated,"https://docs.google.com/spreadsheets/d/1HIpS0gbQo8q1Pwo9oQgRFUqCNdud_RXS3w815jX6zc4/edit#gid=396215481&range=D3408"
2023-01-30 16:26,CSF,2125,LOT,2125-T144,Hyperlink Updated,"https://docs.google.com/spreadsheets/d/1HIpS0gbQo8q1Pwo9oQgRFUqCNdud_RXS3w815jX6zc4/edit#gid=396215481&range=D3408"
2023-01-30 16:26,CSF,2125,LOT,2125-T171,Hyperlink Updated,"https://docs.google.com/spreadsheets/d/1HIpS0gbQo8q1Pwo9oQgRFUqCNdud_RXS3w815jX6zc4/edit#gid=396215481&range=D3409"
2023-01-30 16:26,CSF,2125,LOT,2125-T149,Hyperlink Updated,"https://docs.google.com/spreadsheets/d/1HIpS0gbQo8q1Pwo9oQgRFUqCNdud_RXS3w815jX6zc4/edit#gid=396215481&range=D3409"
2023-01-30 16:26,CSF,2125,LOT,2125-T148,Hyperlink Updated,"https://docs.google.com/spreadsheets/d/1HIpS0gbQo8q1Pwo9oQgRFUqCNdud_RXS3w815jX6zc4/edit#gid=396215481&range=D3410"
2023-01-30 16:26,CSF,2125,LOT,2125-T150,Hyperlink Updated,"https://docs.google.com/spreadsheets/d/1HIpS0gbQo8q1Pwo9oQgRFUqCNdud_RXS3w815jX6zc4/edit#gid=396215481&range=D3410"
2023-01-30 16:26,CSF,2125,LOT,2125-T170,Hyperlink Updated,"https://docs.google.com/spreadsheets/d/1HIpS0gbQo8q1Pwo9oQgRFUqCNdud_RXS3w815jX6zc4/edit#gid=396215481&range=D3410"
2023-01-30 16:26,CSF,2125,LOT,2125-T139,Hyperlink Updated,"https://docs.google.com/spreadsheets/d/1HIpS0gbQo8q1Pwo9oQgRFUqCNdud_RXS3w815jX6zc4/edit#gid=396215481&range=D3411"
2023-01-30 16:26,CSF,2125,LOT,2125-T138,Hyperlink Updated,"https://docs.google.com/spreadsheets/d/1HIpS0gbQo8q1Pwo9oQgRFUqCNdud_RXS3w815jX6zc4/edit#gid=396215481&range=D3411"
2023-01-30 16:26,CSF,2125,LOT,2125-T140,Hyperlink Updated,"https://docs.google.com/spreadsheets/d/1HIpS0gbQo8q1Pwo9oQgRFUqCNdud_RXS3w815jX6zc4/edit#gid=396215481&range=D3412"
2023-01-30 16:26,CSF,2125,LOT,2125-T168,Hyperlink Updated,"https://docs.google.com/spreadsheets/d/1HIpS0gbQo8q1Pwo9oQgRFUqCNdud_RXS3w815jX6zc4/edit#gid=396215481&range=D3412"
2023-01-30 16:26,CSF,2125,LOT,2125-T133,Hyperlink Updated,"https://docs.google.com/spreadsheets/d/1HIpS0gbQo8q1Pwo9oQgRFUqCNdud_RXS3w815jX6zc4/edit#gid=396215481&range=D3412"
2023-01-30 16:26,CSF,2125,LOT,2125-T176,Hyperlink Updated,"https://docs.google.com/spreadsheets/d/1HIpS0gbQo8q1Pwo9oQgRFUqCNdud_RXS3w815jX6zc4/edit#gid=396215481&range=D3413"
2023-01-30 16:26,CSF,2125,LOT,2125-T178,Hyperlink Updated,"https://docs.google.com/spreadsheets/d/1HIpS0gbQo8q1Pwo9oQgRFUqCNdud_RXS3w815jX6zc4/edit#gid=396215481&range=D3414"
2023-01-30 16:26,CSF,2125,LOT,2125-T177,Hyperlink Updated,"https://docs.google.com/spreadsheets/d/1HIpS0gbQo8q1Pwo9oQgRFUqCNdud_RXS3w815jX6zc4/edit#gid=396215481&range=D3415"
2023-01-30 16:26,CSF,2125,LOT,2125-T175,Hyperlink Updated,"https://docs.google.com/spreadsheets/d/1HIpS0gbQo8q1Pwo9oQgRFUqCNdud_RXS3w815jX6zc4/edit#gid=396215481&range=D3416"
2023-01-30 16:26,CSF,2125,LOT,2125-T172,Hyperlink Updated,"https://docs.google.com/spreadsheets/d/1HIpS0gbQo8q1Pwo9oQgRFUqCNdud_RXS3w815jX6zc4/edit#gid=396215481&range=D3417"
2023-01-30 16:26,CSF,2125,LOT,2125-T173,Hyperlink Updated,"https://docs.google.com/spreadsheets/d/1HIpS0gbQo8q1Pwo9oQgRFUqCNdud_RXS3w815jX6zc4/edit#gid=396215481&range=D3417"
2023-01-30 16:26,CSF,2125,LOT,2125-T052,Hyperlink Updated,"https://docs.google.com/spreadsheets/d/1HIpS0gbQo8q1Pwo9oQgRFUqCNdud_RXS3w815jX6zc4/edit#gid=396215481&range=D3439"
2023-01-30 16:26,CSF,2125,LOT,2125-T063,Hyperlink Updated,"https://docs.google.com/spreadsheets/d/1HIpS0gbQo8q1Pwo9oQgRFUqCNdud_RXS3w815jX6zc4/edit#gid=396215481&range=D3439"
2023-01-30 16:26,CSF,2125,LOT,2125-T053,Hyperlink Updated,"https://docs.google.com/spreadsheets/d/1HIpS0gbQo8q1Pwo9oQgRFUqCNdud_RXS3w815jX6zc4/edit#gid=396215481&range=D3439"
2023-01-30 18:20,CSM,2216,Ticket,2216-9,Hyperlink updated,"https://docs.google.com/spreadsheets/d/1HIpS0gbQo8q1Pwo9oQgRFUqCNdud_RXS3w815jX6zc4/edit#gid=396215481&range=D4684"
2023-01-30 18:20,CSM,2216,Ticket,2216-60.1,Hyperlink updated,"https://docs.google.com/spreadsheets/d/1HIpS0gbQo8q1Pwo9oQgRFUqCNdud_RXS3w815jX6zc4/edit#gid=396215481&range=D4686"
2023-01-30 18:20,CSM,2216,Ticket,2216-1000,Hyperlink updated,"https://docs.google.com/spreadsheets/d/1HIpS0gbQo8q1Pwo9oQgRFUqCNdud_RXS3w815jX6zc4/edit#gid=396215481&range=D4683"
2023-01-30 18:20,FED,2216,Ticket,2216-2,Hyperlink updated,"https://docs.google.com/spreadsheets/d/1HIpS0gbQo8q1Pwo9oQgRFUqCNdud_RXS3w815jX6zc4/edit#gid=396215481&range=D4788"
2023-01-30 18:20,FED,2216,Ticket,2216-3,Hyperlink updated,"https://docs.google.com/spreadsheets/d/1HIpS0gbQo8q1Pwo9oQgRFUqCNdud_RXS3w815jX6zc4/edit#gid=396215481&range=D4789"
2023-01-30 18:20,CSM,2216,LOT,2216-T013,Hyperlink Updated,"https://docs.google.com/spreadsheets/d/1HIpS0gbQo8q1Pwo9oQgRFUqCNdud_RXS3w815jX6zc4/edit#gid=396215481&range=D4575"
2023-01-30 18:20,CSM,2216,LOT,2216-T002,Hyperlink Updated,"https://docs.google.com/spreadsheets/d/1HIpS0gbQo8q1Pwo9oQgRFUqCNdud_RXS3w815jX6zc4/edit#gid=396215481&range=D4575"
2023-01-30 18:20,CSM,2216,LOT,2216-T016,Hyperlink Updated,"https://docs.google.com/spreadsheets/d/1HIpS0gbQo8q1Pwo9oQgRFUqCNdud_RXS3w815jX6zc4/edit#gid=396215481&range=D4582"
2023-01-30 18:20,CSM,2216,LOT,2216-T014,Hyperlink Updated,"https://docs.google.com/spreadsheets/d/1HIpS0gbQo8q1Pwo9oQgRFUqCNdud_RXS3w815jX6zc4/edit#gid=396215481&range=D4578"
2023-01-30 18:20,CSM,2216,LOT,2216-T019,Hyperlink Updated,"https://docs.google.com/spreadsheets/d/1HIpS0gbQo8q1Pwo9oQgRFUqCNdud_RXS3w815jX6zc4/edit#gid=396215481&range=D4590"
2023-01-30 18:20,CSM,2216,LOT,2216-T017,Hyperlink Updated,"https://docs.google.com/spreadsheets/d/1HIpS0gbQo8q1Pwo9oQgRFUqCNdud_RXS3w815jX6zc4/edit#gid=396215481&range=D4583"
2023-01-30 18:20,CSM,2216,LOT,2216-T052,Hyperlink Updated,"https://docs.google.com/spreadsheets/d/1HIpS0gbQo8q1Pwo9oQgRFUqCNdud_RXS3w815jX6zc4/edit#gid=396215481&range=D4630"
2023-01-30 18:20,CSM,2224,LOT,2224-T016,Hyperlink Updated,"https://docs.google.com/spreadsheets/d/1HIpS0gbQo8q1Pwo9oQgRFUqCNdud_RXS3w815jX6zc4/edit#gid=396215481&range=D4952"
2023-01-30 18:20,CSM,2216,LOT,2216-T051,Hyperlink Updated,"https://docs.google.com/spreadsheets/d/1HIpS0gbQo8q1Pwo9oQgRFUqCNdud_RXS3w815jX6zc4/edit#gid=396215481&range=D4630"
2023-01-30 18:20,CSM,2216,LOT,2216-T053,Hyperlink Updated,"https://docs.google.com/spreadsheets/d/1HIpS0gbQo8q1Pwo9oQgRFUqCNdud_RXS3w815jX6zc4/edit#gid=396215481&range=D4624"
2023-01-30 18:20,CSM,2216,LOT,2216-T020,Hyperlink Updated,"https://docs.google.com/spreadsheets/d/1HIpS0gbQo8q1Pwo9oQgRFUqCNdud_RXS3w815jX6zc4/edit#gid=396215481&range=D4590"
2023-01-30 18:20,CSM,2224,LOT,2224-T018,Hyperlink Updated,"https://docs.google.com/spreadsheets/d/1HIpS0gbQo8q1Pwo9oQgRFUqCNdud_RXS3w815jX6zc4/edit#gid=396215481&range=D4951"
2023-01-30 18:20,CSM,2224,LOT,2224-T005,Hyperlink Updated,"https://docs.google.com/spreadsheets/d/1HIpS0gbQo8q1Pwo9oQgRFUqCNdud_RXS3w815jX6zc4/edit#gid=396215481&range=D4951"
2023-01-30 18:21,CSM,2224,LOT,2224-T012,Hyperlink Updated,"https://docs.google.com/spreadsheets/d/1HIpS0gbQo8q1Pwo9oQgRFUqCNdud_RXS3w815jX6zc4/edit#gid=396215481&range=D4951"
2023-01-30 18:21,CSM,2224,LOT,2224-T007,Hyperlink Updated,"https://docs.google.com/spreadsheets/d/1HIpS0gbQo8q1Pwo9oQgRFUqCNdud_RXS3w815jX6zc4/edit#gid=396215481&range=D4951"
2023-01-30 18:21,CSM,2224,LOT,2224-T010,Hyperlink Updated,"https://docs.google.com/spreadsheets/d/1HIpS0gbQo8q1Pwo9oQgRFUqCNdud_RXS3w815jX6zc4/edit#gid=396215481&range=D4951"
2023-01-30 18:21,CSM,2224,LOT,2224-T009,Hyperlink Updated,"https://docs.google.com/spreadsheets/d/1HIpS0gbQo8q1Pwo9oQgRFUqCNdud_RXS3w815jX6zc4/edit#gid=396215481&range=D4951"
2023-01-30 18:21,CSM,2224,LOT,2224-T006,Hyperlink Updated,"https://docs.google.com/spreadsheets/d/1HIpS0gbQo8q1Pwo9oQgRFUqCNdud_RXS3w815jX6zc4/edit#gid=396215481&range=D4951"
2023-01-30 18:21,CSM,2224,LOT,2224-T008,Hyperlink Updated,"https://docs.google.com/spreadsheets/d/1HIpS0gbQo8q1Pwo9oQgRFUqCNdud_RXS3w815jX6zc4/edit#gid=396215481&range=D4951"
2023-01-30 18:21,CSM,2224,LOT,2224-T011,Hyperlink Updated,"https://docs.google.com/spreadsheets/d/1HIpS0gbQo8q1Pwo9oQgRFUqCNdud_RXS3w815jX6zc4/edit#gid=396215481&range=D4951"
2023-01-30 18:21,CSM,2224,LOT,2224-T014,Hyperlink Updated,"https://docs.google.com/spreadsheets/d/1HIpS0gbQo8q1Pwo9oQgRFUqCNdud_RXS3w815jX6zc4/edit#gid=396215481&range=D4952"
2023-01-30 18:21,CSM,2224,LOT,2224-T017,Hyperlink Updated,"https://docs.google.com/spreadsheets/d/1HIpS0gbQo8q1Pwo9oQgRFUqCNdud_RXS3w815jX6zc4/edit#gid=396215481&range=D4952"
2023-01-30 18:21,CSM,2224,LOT,2224-T013,Hyperlink Updated,"https://docs.google.com/spreadsheets/d/1HIpS0gbQo8q1Pwo9oQgRFUqCNdud_RXS3w815jX6zc4/edit#gid=396215481&range=D4952"
2023-01-30 18:21,CSM,2224,LOT,2224-T015,Hyperlink Updated,"https://docs.google.com/spreadsheets/d/1HIpS0gbQo8q1Pwo9oQgRFUqCNdud_RXS3w815jX6zc4/edit#gid=396215481&range=D4952"
2023-01-30 18:21,CSM,2216,LOT,2216-T076,Hyperlink Updated,"https://docs.google.com/spreadsheets/d/1HIpS0gbQo8q1Pwo9oQgRFUqCNdud_RXS3w815jX6zc4/edit#gid=396215481&range=D4596"
2023-01-30 18:21,CSM,2216,LOT,2216-T077,Hyperlink Updated,"https://docs.google.com/spreadsheets/d/1HIpS0gbQo8q1Pwo9oQgRFUqCNdud_RXS3w815jX6zc4/edit#gid=396215481&range=D4597"
2023-01-30 18:21,CSM,2216,LOT,2216-T078,Hyperlink Updated,"https://docs.google.com/spreadsheets/d/1HIpS0gbQo8q1Pwo9oQgRFUqCNdud_RXS3w815jX6zc4/edit#gid=396215481&range=D4599"
2023-01-30 18:21,CSM,2216,LOT,2216-T079,Hyperlink Updated,"https://docs.google.com/spreadsheets/d/1HIpS0gbQo8q1Pwo9oQgRFUqCNdud_RXS3w815jX6zc4/edit#gid=396215481&range=D4603"
2023-01-30 18:21,CSM,2216,LOT,2216-T080,Hyperlink Updated,"https://docs.google.com/spreadsheets/d/1HIpS0gbQo8q1Pwo9oQgRFUqCNdud_RXS3w815jX6zc4/edit#gid=396215481&range=D4604"
2023-01-30 18:21,CSM,2216,LOT,2216-T092,Hyperlink Updated,"https://docs.google.com/spreadsheets/d/1HIpS0gbQo8q1Pwo9oQgRFUqCNdud_RXS3w815jX6zc4/edit#gid=396215481&range=D4634"
2023-01-30 18:21,CSM,2216,LOT,2216-T091,Hyperlink Updated,"https://docs.google.com/spreadsheets/d/1HIpS0gbQo8q1Pwo9oQgRFUqCNdud_RXS3w815jX6zc4/edit#gid=396215481&range=D4634"
2023-01-30 18:21,CSM,2216,LOT,2216-T093,Hyperlink Updated,"https://docs.google.com/spreadsheets/d/1HIpS0gbQo8q1Pwo9oQgRFUqCNdud_RXS3w815jX6zc4/edit#gid=396215481&range=D4637"
2023-01-30 18:21,CSM,2216,LOT,2216-T081,Hyperlink Updated,"https://docs.google.com/spreadsheets/d/1HIpS0gbQo8q1Pwo9oQgRFUqCNdud_RXS3w815jX6zc4/edit#gid=396215481&range=D4608"
2023-01-30 18:21,CSM,2216,LOT,2216-T082,Hyperlink Updated,"https://docs.google.com/spreadsheets/d/1HIpS0gbQo8q1Pwo9oQgRFUqCNdud_RXS3w815jX6zc4/edit#gid=396215481&range=D4609"
2023-01-30 18:21,CSM,2216,LOT,2216-T094,Hyperlink Updated,"https://docs.google.com/spreadsheets/d/1HIpS0gbQo8q1Pwo9oQgRFUqCNdud_RXS3w815jX6zc4/edit#gid=396215481&range=D4636"
2023-01-30 18:21,CSM,2216,LOT,2216-T103,Hyperlink Updated,"https://docs.google.com/spreadsheets/d/1HIpS0gbQo8q1Pwo9oQgRFUqCNdud_RXS3w815jX6zc4/edit#gid=396215481&range=D4640"
2023-01-30 18:21,CSM,2216,LOT,2216-T104,Hyperlink Updated,"https://docs.google.com/spreadsheets/d/1HIpS0gbQo8q1Pwo9oQgRFUqCNdud_RXS3w815jX6zc4/edit#gid=396215481&range=D4640"
2023-01-30 18:21,CSM,2216,LOT,2216-T096,Hyperlink Updated,"https://docs.google.com/spreadsheets/d/1HIpS0gbQo8q1Pwo9oQgRFUqCNdud_RXS3w815jX6zc4/edit#gid=396215481&range=D4639"
2023-01-30 18:21,CSM,2216,LOT,2216-T107,Hyperlink Updated,"https://docs.google.com/spreadsheets/d/1HIpS0gbQo8q1Pwo9oQgRFUqCNdud_RXS3w815jX6zc4/edit#gid=396215481&range=D4649"
2023-01-30 18:21,CSM,2216,LOT,2216-T106,Hyperlink Updated,"https://docs.google.com/spreadsheets/d/1HIpS0gbQo8q1Pwo9oQgRFUqCNdud_RXS3w815jX6zc4/edit#gid=396215481&range=D4649"
2023-01-30 18:21,CSM,2216,LOT,2216-T098,Hyperlink Updated,"https://docs.google.com/spreadsheets/d/1HIpS0gbQo8q1Pwo9oQgRFUqCNdud_RXS3w815jX6zc4/edit#gid=396215481&range=D4647"
2023-01-30 18:21,CSM,2216,LOT,2216-T105,Hyperlink Updated,"https://docs.google.com/spreadsheets/d/1HIpS0gbQo8q1Pwo9oQgRFUqCNdud_RXS3w815jX6zc4/edit#gid=396215481&range=D4642"
2023-01-30 18:21,CSM,2216,LOT,2216-T118,Hyperlink Updated,"https://docs.google.com/spreadsheets/d/1HIpS0gbQo8q1Pwo9oQgRFUqCNdud_RXS3w815jX6zc4/edit#gid=396215481&range=D4668"
2023-01-30 18:21,CSM,2216,LOT,2216-T124,Hyperlink Updated,"https://docs.google.com/spreadsheets/d/1HIpS0gbQo8q1Pwo9oQgRFUqCNdud_RXS3w815jX6zc4/edit#gid=396215481&range=D4652"
2023-01-30 18:21,CSM,2216,LOT,2216-T125,Hyperlink Updated,"https://docs.google.com/spreadsheets/d/1HIpS0gbQo8q1Pwo9oQgRFUqCNdud_RXS3w815jX6zc4/edit#gid=396215481&range=D4653"
2023-01-30 18:21,CSM,2216,LOT,2216-T127,Hyperlink Updated,"https://docs.google.com/spreadsheets/d/1HIpS0gbQo8q1Pwo9oQgRFUqCNdud_RXS3w815jX6zc4/edit#gid=396215481&range=D4655"
2023-01-30 18:21,CSM,2216,LOT,2216-T114,Hyperlink Updated,"https://docs.google.com/spreadsheets/d/1HIpS0gbQo8q1Pwo9oQgRFUqCNdud_RXS3w815jX6zc4/edit#gid=396215481&range=D4660"
2023-01-30 18:21,CSM,2216,LOT,2216-T129,Hyperlink Updated,"https://docs.google.com/spreadsheets/d/1HIpS0gbQo8q1Pwo9oQgRFUqCNdud_RXS3w815jX6zc4/edit#gid=396215481&range=D4657"
2023-01-30 18:21,CSM,2216,LOT,2216-T130,Hyperlink Updated,"https://docs.google.com/spreadsheets/d/1HIpS0gbQo8q1Pwo9oQgRFUqCNdud_RXS3w815jX6zc4/edit#gid=396215481&range=D4657"
2023-01-30 18:21,CSM,2216,LOT,2216-T126,Hyperlink Updated,"https://docs.google.com/spreadsheets/d/1HIpS0gbQo8q1Pwo9oQgRFUqCNdud_RXS3w815jX6zc4/edit#gid=396215481&range=D4654"
2023-01-30 18:21,CSM,2216,LOT,2216-T131,Hyperlink Updated,"https://docs.google.com/spreadsheets/d/1HIpS0gbQo8q1Pwo9oQgRFUqCNdud_RXS3w815jX6zc4/edit#gid=396215481&range=D4664"
2023-01-30 18:21,CSM,2216,LOT,2216-T115,Hyperlink Updated,"https://docs.google.com/spreadsheets/d/1HIpS0gbQo8q1Pwo9oQgRFUqCNdud_RXS3w815jX6zc4/edit#gid=396215481&range=D4661"
2023-01-30 18:21,CSM,2216,LOT,2216-T122,Hyperlink Updated,"https://docs.google.com/spreadsheets/d/1HIpS0gbQo8q1Pwo9oQgRFUqCNdud_RXS3w815jX6zc4/edit#gid=396215481&range=D4675"
2023-01-30 18:21,CSM,2216,LOT,2216-T132,Hyperlink Updated,"https://docs.google.com/spreadsheets/d/1HIpS0gbQo8q1Pwo9oQgRFUqCNdud_RXS3w815jX6zc4/edit#gid=396215481&range=D4665"
2023-01-30 18:21,CSM,2216,LOT,2216-T123,Hyperlink Updated,"https://docs.google.com/spreadsheets/d/1HIpS0gbQo8q1Pwo9oQgRFUqCNdud_RXS3w815jX6zc4/edit#gid=396215481&range=D4678"
2023-01-30 18:22,FED,2215,LOT,2215-T001,Hyperlink Updated,"https://docs.google.com/spreadsheets/d/1HIpS0gbQo8q1Pwo9oQgRFUqCNdud_RXS3w815jX6zc4/edit#gid=396215481&range=D4559"
2023-01-30 18:22,FED,2215,LOT,2215-T002,Hyperlink Updated,"https://docs.google.com/spreadsheets/d/1HIpS0gbQo8q1Pwo9oQgRFUqCNdud_RXS3w815jX6zc4/edit#gid=396215481&range=D4559"
2023-01-30 18:22,FED,2215,LOT,2215-T003,Hyperlink Updated,"https://docs.google.com/spreadsheets/d/1HIpS0gbQo8q1Pwo9oQgRFUqCNdud_RXS3w815jX6zc4/edit#gid=396215481&range=D4559"
2023-01-30 18:22,FED,2216,LOT,2216-T012,Hyperlink Updated,"https://docs.google.com/spreadsheets/d/1HIpS0gbQo8q1Pwo9oQgRFUqCNdud_RXS3w815jX6zc4/edit#gid=396215481&range=D4702"
2023-01-30 18:22,FED,2215,LOT,2215-T004,Hyperlink Updated,"https://docs.google.com/spreadsheets/d/1HIpS0gbQo8q1Pwo9oQgRFUqCNdud_RXS3w815jX6zc4/edit#gid=396215481&range=D4559"
2023-01-30 18:22,FED,2216,LOT,2216-T069,Hyperlink Updated,"https://docs.google.com/spreadsheets/d/1HIpS0gbQo8q1Pwo9oQgRFUqCNdud_RXS3w815jX6zc4/edit#gid=396215481&range=D4728"
2023-01-30 18:22,FED,2215,LOT,2215-T005,Hyperlink Updated,"https://docs.google.com/spreadsheets/d/1HIpS0gbQo8q1Pwo9oQgRFUqCNdud_RXS3w815jX6zc4/edit#gid=396215481&range=D4560"
2023-01-30 18:22,FED,2216,LOT,2216-T022,Hyperlink Updated,"https://docs.google.com/spreadsheets/d/1HIpS0gbQo8q1Pwo9oQgRFUqCNdud_RXS3w815jX6zc4/edit#gid=396215481&range=D4704"
2023-01-30 18:22,FED,2216,LOT,2216-T083,Hyperlink Updated,"https://docs.google.com/spreadsheets/d/1HIpS0gbQo8q1Pwo9oQgRFUqCNdud_RXS3w815jX6zc4/edit#gid=396215481&range=D4707"
2023-01-30 18:22,FED,2215,LOT,2215-T009,Hyperlink Updated,"https://docs.google.com/spreadsheets/d/1HIpS0gbQo8q1Pwo9oQgRFUqCNdud_RXS3w815jX6zc4/edit#gid=396215481&range=D4561"
2023-01-30 18:22,FED,2216,LOT,2216-T084,Hyperlink Updated,"https://docs.google.com/spreadsheets/d/1HIpS0gbQo8q1Pwo9oQgRFUqCNdud_RXS3w815jX6zc4/edit#gid=396215481&range=D4708"
2023-01-30 18:22,FED,2215,LOT,2215-T010,Hyperlink Updated,"https://docs.google.com/spreadsheets/d/1HIpS0gbQo8q1Pwo9oQgRFUqCNdud_RXS3w815jX6zc4/edit#gid=396215481&range=D4561"
2023-01-30 18:22,FED,2215,LOT,2215-T008,Hyperlink Updated,"https://docs.google.com/spreadsheets/d/1HIpS0gbQo8q1Pwo9oQgRFUqCNdud_RXS3w815jX6zc4/edit#gid=396215481&range=D4561"
2023-01-30 18:22,FED,2215,LOT,2215-T007,Hyperlink Updated,"https://docs.google.com/spreadsheets/d/1HIpS0gbQo8q1Pwo9oQgRFUqCNdud_RXS3w815jX6zc4/edit#gid=396215481&range=D4561"
2023-01-30 18:22,FED,2215,LOT,2215-T006,Hyperlink Updated,"https://docs.google.com/spreadsheets/d/1HIpS0gbQo8q1Pwo9oQgRFUqCNdud_RXS3w815jX6zc4/edit#gid=396215481&range=D4561"
2023-01-30 18:22,FED,2215,LOT,2215-T012,Hyperlink Updated,"https://docs.google.com/spreadsheets/d/1HIpS0gbQo8q1Pwo9oQgRFUqCNdud_RXS3w815jX6zc4/edit#gid=396215481&range=D4562"
2023-01-30 18:22,FED,2215,LOT,2215-T011,Hyperlink Updated,"https://docs.google.com/spreadsheets/d/1HIpS0gbQo8q1Pwo9oQgRFUqCNdud_RXS3w815jX6zc4/edit#gid=396215481&range=D4562"
2023-01-30 18:22,FED,2216,LOT,2216-T100,Hyperlink Updated,"https://docs.google.com/spreadsheets/d/1HIpS0gbQo8q1Pwo9oQgRFUqCNdud_RXS3w815jX6zc4/edit#gid=396215481&range=D4746"
2023-01-30 18:22,FED,2216,LOT,2216-T085,Hyperlink Updated,"https://docs.google.com/spreadsheets/d/1HIpS0gbQo8q1Pwo9oQgRFUqCNdud_RXS3w815jX6zc4/edit#gid=396215481&range=D4715"
2023-01-30 18:22,FED,2216,LOT,2216-T086,Hyperlink Updated,"https://docs.google.com/spreadsheets/d/1HIpS0gbQo8q1Pwo9oQgRFUqCNdud_RXS3w815jX6zc4/edit#gid=396215481&range=D4719"
2023-01-30 18:22,FED,2216,LOT,2216-T101,Hyperlink Updated,"https://docs.google.com/spreadsheets/d/1HIpS0gbQo8q1Pwo9oQgRFUqCNdud_RXS3w815jX6zc4/edit#gid=396215481&range=D4747"
2023-01-30 18:22,FED,2216,LOT,2216-T108,Hyperlink Updated,"https://docs.google.com/spreadsheets/d/1HIpS0gbQo8q1Pwo9oQgRFUqCNdud_RXS3w815jX6zc4/edit#gid=396215481&range=D4751"
2023-01-30 18:22,FED,2215,LOT,2215-T016,Hyperlink Updated,"https://docs.google.com/spreadsheets/d/1HIpS0gbQo8q1Pwo9oQgRFUqCNdud_RXS3w815jX6zc4/edit#gid=396215481&range=D4563"
2023-01-30 18:22,FED,2215,LOT,2215-T017,Hyperlink Updated,"https://docs.google.com/spreadsheets/d/1HIpS0gbQo8q1Pwo9oQgRFUqCNdud_RXS3w815jX6zc4/edit#gid=396215481&range=D4563"
2023-01-30 18:22,FED,2216,LOT,2216-T102,Hyperlink Updated,"https://docs.google.com/spreadsheets/d/1HIpS0gbQo8q1Pwo9oQgRFUqCNdud_RXS3w815jX6zc4/edit#gid=396215481&range=D4757"
2023-01-30 18:22,FED,2216,LOT,2216-T111,Hyperlink Updated,"https://docs.google.com/spreadsheets/d/1HIpS0gbQo8q1Pwo9oQgRFUqCNdud_RXS3w815jX6zc4/edit#gid=396215481&range=D4760"
2023-01-30 18:22,FED,2216,LOT,2216-T133,Hyperlink Updated,"https://docs.google.com/spreadsheets/d/1HIpS0gbQo8q1Pwo9oQgRFUqCNdud_RXS3w815jX6zc4/edit#gid=396215481&range=D4763"
2023-01-30 18:22,FED,2216,LOT,2216-T135,Hyperlink Updated,"https://docs.google.com/spreadsheets/d/1HIpS0gbQo8q1Pwo9oQgRFUqCNdud_RXS3w815jX6zc4/edit#gid=396215481&range=D4768"
2023-01-30 18:22,FED,2216,LOT,2216-T134,Hyperlink Updated,"https://docs.google.com/spreadsheets/d/1HIpS0gbQo8q1Pwo9oQgRFUqCNdud_RXS3w815jX6zc4/edit#gid=396215481&range=D4765"
